Departure Airport,Departure Time,Arrival Airport,Arrival Time,Carrier Code,Flight Number,Price (VND),Duration
SGN,2024-10-04 22:20:00,HAN,2024-10-05 00:10:00,VJ,176,1538000.00,PT1H50M
SGN,2024-10-04 05:00:00,HAN,2024-10-04 07:10:00,VJ,182,1538000.00,PT2H10M
SGN,2024-10-04 05:25:00,HAN,2024-10-04 07:35:00,VJ,198,1538000.00,PT2H10M
SGN,2024-10-04 06:00:00,HAN,2024-10-04 08:10:00,VJ,120,1538000.00,PT2H10M
SGN,2024-10-04 06:40:00,HAN,2024-10-04 08:50:00,VJ,168,1538000.00,PT2H10M
SGN,2024-10-04 07:00:00,HAN,2024-10-04 09:10:00,VJ,122,1538000.00,PT2H10M
SGN,2024-10-04 08:40:00,HAN,2024-10-04 10:50:00,VJ,126,1538000.00,PT2H10M
SGN,2024-10-04 09:15:00,HAN,2024-10-04 11:25:00,VJ,1142,1538000.00,PT2H10M
SGN,2024-10-04 09:45:00,HAN,2024-10-04 11:55:00,VJ,128,1538000.00,PT2H10M
SGN,2024-10-04 10:10:00,HAN,2024-10-04 12:20:00,VJ,130,1538000.00,PT2H10M
SGN,2024-10-04 11:00:00,HAN,2024-10-04 13:10:00,VJ,1132,1538000.00,PT2H10M
SGN,2024-10-04 12:10:00,HAN,2024-10-04 14:20:00,VJ,172,1538000.00,PT2H10M
SGN,2024-10-04 12:30:00,HAN,2024-10-04 14:40:00,VJ,134,1538000.00,PT2H10M
SGN,2024-10-04 13:00:00,HAN,2024-10-04 15:10:00,VJ,174,1538000.00,PT2H10M
SGN,2024-10-04 13:20:00,HAN,2024-10-04 15:30:00,VJ,136,1538000.00,PT2H10M
SGN,2024-10-04 14:40:00,HAN,2024-10-04 16:50:00,VJ,1140,1538000.00,PT2H10M
SGN,2024-10-04 15:30:00,HAN,2024-10-04 17:40:00,VJ,142,1538000.00,PT2H10M
SGN,2024-10-04 15:35:00,HAN,2024-10-04 17:45:00,VJ,148,1538000.00,PT2H10M
SGN,2024-10-04 16:30:00,HAN,2024-10-04 18:40:00,VJ,144,1538000.00,PT2H10M
SGN,2024-10-04 16:50:00,HAN,2024-10-04 19:00:00,VJ,1150,1538000.00,PT2H10M
SGN,2024-10-04 18:15:00,HAN,2024-10-04 20:25:00,VJ,154,1538000.00,PT2H10M
SGN,2024-10-04 19:40:00,HAN,2024-10-04 21:50:00,VJ,156,1538000.00,PT2H10M
SGN,2024-10-04 20:15:00,HAN,2024-10-04 22:25:00,VJ,166,1538000.00,PT2H10M
SGN,2024-10-04 20:25:00,HAN,2024-10-04 22:35:00,VJ,160,1538000.00,PT2H10M
SGN,2024-10-04 22:15:00,HAN,2024-10-05 00:25:00,VJ,184,1538000.00,PT2H10M
SGN,2024-10-04 22:50:00,HAN,2024-10-05 01:00:00,VJ,1164,1538000.00,PT2H10M
SGN,2024-10-04 20:15:00,HAN,2024-10-04 22:25:00,H1,4234,1949000.00,PT2H10M
SGN,2024-10-04 20:25:00,HAN,2024-10-04 22:35:00,H1,4268,1949000.00,PT2H10M
SGN,2024-10-04 21:15:00,HAN,2024-10-04 23:25:00,H1,4010,1949000.00,PT2H10M
SGN,2024-10-04 22:15:00,HAN,2024-10-05 00:25:00,H1,4057,1949000.00,PT2H10M
SGN,2024-10-04 22:50:00,HAN,2024-10-05 01:00:00,H1,5146,1949000.00,PT2H10M
SGN,2024-10-04 05:00:00,HAN,2024-10-04 07:10:00,W2,4182,2023000.00,PT2H10M
SGN,2024-10-04 05:25:00,HAN,2024-10-04 07:35:00,W2,4198,2023000.00,PT2H10M
SGN,2024-10-04 06:00:00,HAN,2024-10-04 08:10:00,W2,4120,2023000.00,PT2H10M
SGN,2024-10-04 06:40:00,HAN,2024-10-04 08:50:00,W2,4168,2023000.00,PT2H10M
SGN,2024-10-04 07:00:00,HAN,2024-10-04 09:10:00,W2,4122,2023000.00,PT2H10M
SGN,2024-10-04 08:40:00,HAN,2024-10-04 10:50:00,W2,4126,2023000.00,PT2H10M
SGN,2024-10-04 09:45:00,HAN,2024-10-04 11:55:00,W2,4128,2023000.00,PT2H10M
SGN,2024-10-04 10:10:00,HAN,2024-10-04 12:20:00,W2,4130,2023000.00,PT2H10M
SGN,2024-10-04 12:10:00,HAN,2024-10-04 14:20:00,W2,4172,2023000.00,PT2H10M
SGN,2024-10-04 12:30:00,HAN,2024-10-04 14:40:00,W2,4134,2023000.00,PT2H10M
SGN,2024-10-04 13:00:00,HAN,2024-10-04 15:10:00,W2,4174,2023000.00,PT2H10M
SGN,2024-10-04 13:20:00,HAN,2024-10-04 15:30:00,W2,4136,2023000.00,PT2H10M
SGN,2024-10-04 15:30:00,HAN,2024-10-04 17:40:00,W2,4142,2023000.00,PT2H10M
SGN,2024-10-04 15:35:00,HAN,2024-10-04 17:45:00,W2,4148,2023000.00,PT2H10M
SGN,2024-10-04 16:30:00,HAN,2024-10-04 18:40:00,W2,4144,2023000.00,PT2H10M
SGN,2024-10-04 18:15:00,HAN,2024-10-04 20:25:00,W2,4154,2023000.00,PT2H10M
SGN,2024-10-04 19:40:00,HAN,2024-10-04 21:50:00,W2,4156,2023000.00,PT2H10M
SGN,2024-10-04 20:15:00,HAN,2024-10-04 22:25:00,W2,4166,2023000.00,PT2H10M
SGN,2024-10-04 20:25:00,HAN,2024-10-04 22:35:00,W2,4160,2023000.00,PT2H10M
SGN,2024-10-04 21:15:00,HAN,2024-10-04 23:25:00,W2,4176,2023000.00,PT2H10M
SGN,2024-10-04 22:15:00,HAN,2024-10-05 00:25:00,W2,4184,2023000.00,PT2H10M
SGN,2024-10-04 07:45:00,HAN,2024-10-04 09:55:00,QH,204,2082000.00,PT2H10M
SGN,2024-10-04 13:35:00,HAN,2024-10-04 15:45:00,QH,242,2082000.00,PT2H10M
SGN,2024-10-04 15:15:00,HAN,2024-10-04 17:25:00,QH,244,2082000.00,PT2H10M
SGN,2024-10-04 23:15:00,HAN,2024-10-05 01:25:00,QH,286,2082000.00,PT2H10M
SGN,2024-10-04 11:10:00,HUI,2024-10-04 12:35:00,VJ,304,2313000.00,PT1H25M
HUI,2024-10-04 13:30:00,HAN,2024-10-04 14:45:00,VJ,566,2313000.00,PT1H15M
SGN,2024-10-04 15:40:00,HUI,2024-10-04 17:05:00,VJ,306,2313000.00,PT1H25M
HUI,2024-10-04 19:20:00,HAN,2024-10-04 20:35:00,VJ,562,2313000.00,PT1H15M
SGN,2024-10-04 07:45:00,HUI,2024-10-04 09:10:00,VJ,302,2313000.00,PT1H25M
SGN,2024-10-04 18:35:00,DAD,2024-10-04 19:55:00,VJ,636,2313000.00,PT1H20M
DAD,2024-10-04 22:00:00,HAN,2024-10-04 23:20:00,VJ,528,2313000.00,PT1H20M
SGN,2024-10-04 19:05:00,DAD,2024-10-04 20:25:00,VJ,642,2313000.00,PT1H20M
DAD,2024-10-04 22:35:00,HAN,2024-10-04 23:55:00,VJ,532,2313000.00,PT1H20M
SGN,2024-10-04 15:45:00,DAD,2024-10-04 17:05:00,VJ,634,2313000.00,PT1H20M
DAD,2024-10-04 19:20:00,HAN,2024-10-04 20:40:00,VJ,524,2313000.00,PT1H20M
DAD,2024-10-04 22:45:00,HAN,2024-10-05 00:01:00,VJ,534,2313000.00,PT1H16M
SGN,2024-10-04 18:00:00,DAD,2024-10-04 19:20:00,VJ,638,2313000.00,PT1H20M
SGN,2024-10-04 14:30:00,DAD,2024-10-04 15:50:00,VJ,1638,2313000.00,PT1H20M
SGN,2024-10-04 07:05:00,DAD,2024-10-04 08:25:00,VJ,1622,2313000.00,PT1H20M
DAD,2024-10-04 12:05:00,HAN,2024-10-04 13:25:00,VJ,512,2313000.00,PT1H20M
DAD,2024-10-04 20:40:00,HAN,2024-10-04 22:05:00,VJ,510,2313000.00,PT1H25M
DAD,2024-10-04 13:10:00,HAN,2024-10-04 14:25:00,VJ,516,2313000.00,PT1H15M
SGN,2024-10-04 10:40:00,UIH,2024-10-04 11:50:00,VJ,382,2420000.00,PT1H10M
UIH,2024-10-04 15:45:00,HAN,2024-10-04 17:20:00,VJ,432,2420000.00,PT1H35M
SGN,2024-10-04 09:15:00,HAN,2024-10-04 11:25:00,A1,4142,2446000.00,PT2H10M
SGN,2024-10-04 11:00:00,HAN,2024-10-04 13:10:00,A1,4168,2446000.00,PT2H10M
SGN,2024-10-04 13:20:00,HAN,2024-10-04 15:30:00,A1,4190,2446000.00,PT2H10M
SGN,2024-10-04 14:40:00,HAN,2024-10-04 16:50:00,A1,4140,2446000.00,PT2H10M
SGN,2024-10-04 16:50:00,HAN,2024-10-04 19:00:00,A1,4150,2446000.00,PT2H10M
SGN,2024-10-04 22:50:00,HAN,2024-10-05 01:00:00,A1,4164,2446000.00,PT2H10M
SGN,2024-10-04 05:20:00,BMV,2024-10-04 06:20:00,VJ,356,2634000.00,PT1H
BMV,2024-10-04 08:25:00,HAN,2024-10-04 10:10:00,VJ,492,2634000.00,PT1H45M
SGN,2024-10-04 17:25:00,DLI,2024-10-04 18:20:00,VJ,362,2634000.00,PT55M
DLI,2024-10-04 20:55:00,HAN,2024-10-04 22:40:00,VJ,410,2634000.00,PT1H45M
SGN,2024-10-04 13:20:00,PQC,2024-10-04 14:20:00,VJ,331,2634000.00,PT1H
PQC,2024-10-04 16:50:00,HAN,2024-10-04 18:55:00,VJ,458,2634000.00,PT2H5M
SGN,2024-10-04 12:35:00,PQC,2024-10-04 13:35:00,VJ,327,2634000.00,PT1H
SGN,2024-10-04 13:40:00,CXR,2024-10-04 14:50:00,VJ,604,2634000.00,PT1H10M
CXR,2024-10-04 18:35:00,HAN,2024-10-04 20:25:00,VJ,788,2634000.00,PT1H50M
SGN,2024-10-04 09:30:00,DIN,2024-10-04 11:30:00,VJ,298,2634000.00,PT2H
DIN,2024-10-04 16:20:00,HAN,2024-10-04 17:00:00,VJ,598,2634000.00,PT40M
SGN,2024-10-04 14:00:00,DAD,2024-10-04 15:25:00,QH,162,2867000.00,PT1H25M
DAD,2024-10-04 18:25:00,HAN,2024-10-04 19:45:00,QH,116,2867000.00,PT1H20M
DAD,2024-10-04 20:05:00,HAN,2024-10-04 21:25:00,QH,126,2867000.00,PT1H20M
SGN,2024-10-04 21:10:00,DAD,2024-10-04 22:35:00,QH,170,2867000.00,PT1H25M
DAD,2024-10-05 08:00:00,HAN,2024-10-05 09:25:00,QH,102,2867000.00,PT1H25M
DAD,2024-10-05 12:00:00,HAN,2024-10-05 13:25:00,QH,104,2867000.00,PT1H25M
SGN,2024-10-04 09:35:00,CXR,2024-10-04 10:45:00,QH,1312,3135000.00,PT1H10M
CXR,2024-10-04 15:40:00,HAN,2024-10-04 17:35:00,QH,1416,3135000.00,PT1H55M
SGN,2024-10-04 20:30:00,DAD,2024-10-04 21:50:00,H1,4209,3189000.00,PT1H20M
DAD,2024-10-05 06:20:00,HAN,2024-10-05 07:40:00,H1,4082,3189000.00,PT1H20M
DAD,2024-10-05 07:20:00,HAN,2024-10-05 08:40:00,H1,4021,3189000.00,PT1H20M
SGN,2024-10-04 06:30:00,HAN,2024-10-04 08:35:00,VN,7258,3244000.00,PT2H5M
SGN,2024-10-04 18:35:00,DAD,2024-10-04 19:55:00,W2,4636,3337000.00,PT1H20M
DAD,2024-10-04 22:00:00,HAN,2024-10-04 23:20:00,W2,4528,3337000.00,PT1H20M
SGN,2024-10-04 19:05:00,DAD,2024-10-04 20:25:00,W2,4642,3337000.00,PT1H20M
DAD,2024-10-04 22:35:00,HAN,2024-10-04 23:55:00,W2,4532,3337000.00,PT1H20M
SGN,2024-10-04 15:45:00,DAD,2024-10-04 17:05:00,W2,4634,3337000.00,PT1H20M
DAD,2024-10-04 19:20:00,HAN,2024-10-04 20:40:00,W2,4524,3337000.00,PT1H20M
DAD,2024-10-04 22:45:00,HAN,2024-10-05 00:01:00,W2,4534,3337000.00,PT1H16M
SGN,2024-10-04 18:00:00,DAD,2024-10-04 19:20:00,W2,4638,3337000.00,PT1H20M
SGN,2024-10-04 07:05:00,DAD,2024-10-04 08:25:00,W2,3622,3337000.00,PT1H20M
DAD,2024-10-04 12:05:00,HAN,2024-10-04 13:25:00,W2,4512,3337000.00,PT1H20M
DAD,2024-10-04 20:40:00,HAN,2024-10-04 22:05:00,W2,4510,3337000.00,PT1H25M
DAD,2024-10-04 13:10:00,HAN,2024-10-04 14:25:00,W2,4516,3337000.00,PT1H15M
SGN,2024-10-04 20:30:00,DAD,2024-10-04 21:50:00,W2,4640,3337000.00,PT1H20M
DAD,2024-10-05 06:20:00,HAN,2024-10-05 07:40:00,W2,4518,3337000.00,PT1H20M
DAD,2024-10-05 07:20:00,HAN,2024-10-05 08:40:00,W2,4504,3337000.00,PT1H20M
SGN,2024-10-04 15:40:00,HUI,2024-10-04 17:05:00,W2,4306,3337000.00,PT1H25M
HUI,2024-10-04 19:20:00,HAN,2024-10-04 20:35:00,W2,4562,3337000.00,PT1H15M
SGN,2024-10-04 07:45:00,HUI,2024-10-04 09:10:00,W2,4302,3337000.00,PT1H25M
HUI,2024-10-04 12:55:00,HAN,2024-10-04 14:10:00,W2,4566,3337000.00,PT1H15M
SGN,2024-10-04 06:30:00,HUI,2024-10-04 07:55:00,W2,4300,3337000.00,PT1H25M
SGN,2024-10-04 11:10:00,HUI,2024-10-04 12:35:00,W2,4304,3337000.00,PT1H25M
SGN,2024-10-04 20:20:00,HUI,2024-10-04 21:45:00,W2,4312,3337000.00,PT1H25M
HUI,2024-10-05 07:10:00,HAN,2024-10-05 08:25:00,W2,4564,3337000.00,PT1H15M
SGN,2024-10-04 10:10:00,UIH,2024-10-04 11:20:00,W2,4382,3444000.00,PT1H10M
UIH,2024-10-04 15:45:00,HAN,2024-10-04 17:20:00,W2,4432,3444000.00,PT1H35M
SGN,2024-10-04 06:50:00,UIH,2024-10-04 08:00:00,W2,4380,3444000.00,PT1H10M
SGN,2024-10-04 06:15:00,PXU,2024-10-04 07:25:00,W2,4396,3444000.00,PT1H10M
PXU,2024-10-04 13:25:00,HAN,2024-10-04 15:00:00,W2,4422,3444000.00,PT1H35M
SGN,2024-10-04 05:20:00,BMV,2024-10-04 06:20:00,W2,4356,3631000.00,PT1H
BMV,2024-10-04 08:25:00,HAN,2024-10-04 10:10:00,W2,4492,3631000.00,PT1H45M
SGN,2024-10-04 17:25:00,DLI,2024-10-04 18:20:00,W2,4362,3631000.00,PT55M
DLI,2024-10-04 20:55:00,HAN,2024-10-04 22:40:00,W2,4410,3631000.00,PT1H45M
SGN,2024-10-04 13:20:00,PQC,2024-10-04 14:20:00,W2,4331,3631000.00,PT1H
PQC,2024-10-04 16:50:00,HAN,2024-10-04 18:55:00,W2,4458,3631000.00,PT2H5M
SGN,2024-10-04 12:35:00,PQC,2024-10-04 13:35:00,W2,4327,3631000.00,PT1H
SGN,2024-10-04 07:30:00,PQC,2024-10-04 08:30:00,W2,4323,3631000.00,PT1H
PQC,2024-10-04 12:35:00,HAN,2024-10-04 14:40:00,W2,4456,3631000.00,PT2H5M
SGN,2024-10-04 13:40:00,CXR,2024-10-04 14:50:00,W2,4604,3631000.00,PT1H10M
CXR,2024-10-04 18:35:00,HAN,2024-10-04 20:25:00,W2,4788,3631000.00,PT1H50M
SGN,2024-10-04 17:30:00,HAN,2024-10-04 19:35:00,VN,7220,3779000.00,PT2H5M
SGN,2024-10-04 14:30:00,DAD,2024-10-04 15:50:00,A1,4638,4379000.00,PT1H20M
DAD,2024-10-04 20:40:00,HAN,2024-10-04 22:05:00,A1,2510,4379000.00,PT1H25M
DAD,2024-10-04 21:00:00,HAN,2024-10-04 22:15:00,A1,2530,4379000.00,PT1H15M
SGN,2024-10-04 07:05:00,DAD,2024-10-04 08:25:00,A1,4622,4379000.00,PT1H20M
SGN,2024-10-04 12:15:00,CXR,2024-10-04 13:20:00,VN,1344,4521000.00,PT1H5M
SGN,2024-10-04 06:45:00,HAN,2024-10-04 08:30:00,VN,6592,4581000.00,PT1H45M
SGN,2024-10-04 06:00:00,HAN,2024-10-04 08:15:00,VN,206,4581000.00,PT2H15M
SGN,2024-10-04 10:10:00,UIH,2024-10-04 11:20:00,A1,2382,4734000.00,PT1H10M
UIH,2024-10-04 15:45:00,HAN,2024-10-04 17:20:00,A1,2432,4734000.00,PT1H35M
SGN,2024-10-04 15:50:00,HUI,2024-10-04 17:15:00,VN,1374,4764000.00,PT1H25M
HUI,2024-10-04 18:30:00,HAN,2024-10-04 19:50:00,VN,1544,4764000.00,PT1H20M
SGN,2024-10-04 20:45:00,HAN,2024-10-04 22:50:00,VN,256,4848000.00,PT2H5M
SGN,2024-10-04 22:00:00,HAN,2024-10-05 00:05:00,VN,224,4848000.00,PT2H5M
SGN,2024-10-04 23:00:00,HAN,2024-10-05 01:05:00,VN,270,4848000.00,PT2H5M
SGN,2024-10-04 19:30:00,HAN,2024-10-04 21:40:00,VN,262,4848000.00,PT2H10M
SGN,2024-10-04 17:00:00,HAN,2024-10-04 19:15:00,VN,254,4848000.00,PT2H15M
SGN,2024-10-04 20:00:00,HAN,2024-10-04 22:15:00,VN,220,4848000.00,PT2H15M
SGN,2024-10-04 21:00:00,HAN,2024-10-04 23:15:00,VN,260,4848000.00,PT2H15M
SGN,2024-10-04 16:40:00,HAN,2024-10-04 19:10:00,VN,252,4848000.00,PT2H30M
SGN,2024-10-04 15:20:00,DAD,2024-10-04 16:45:00,VN,134,5190000.00,PT1H25M
SGN,2024-10-04 06:00:00,DAD,2024-10-04 07:30:00,VN,106,5298000.00,PT1H30M
DAD,2024-10-04 08:10:00,HAN,2024-10-04 09:35:00,VN,158,5298000.00,PT1H25M
SGN,2024-10-04 05:00:00,HAN,2024-10-04 07:05:00,VN,204,5383000.00,PT2H5M
SGN,2024-10-04 19:00:00,HAN,2024-10-04 21:15:00,VN,258,5383000.00,PT2H15M
SGN,2024-10-04 18:20:00,DAD,2024-10-04 19:30:00,VN,7124,5566000.00,PT1H10M
DAD,2024-10-04 20:50:00,HAN,2024-10-04 22:15:00,VN,192,5566000.00,PT1H25M
SGN,2024-10-04 18:00:00,HAN,2024-10-04 20:15:00,VN,218,5918000.00,PT2H15M
DAD,2024-10-04 18:25:00,HAN,2024-10-04 19:50:00,VN,182,6101000.00,PT1H25M
SGN,2024-10-04 13:35:00,DAD,2024-10-04 14:55:00,VN,130,6368000.00,PT1H20M
DAD,2024-10-04 15:50:00,HAN,2024-10-04 17:15:00,VN,174,6368000.00,PT1H25M
SGN,2024-10-04 09:10:00,DAD,2024-10-04 10:30:00,VN,118,6635000.00,PT1H20M
DAD,2024-10-04 11:15:00,HAN,2024-10-04 12:40:00,VN,166,6635000.00,PT1H25M
SGN,2024-10-04 16:15:00,DAD,2024-10-04 17:35:00,VN,6036,6635000.00,PT1H20M
SGN,2024-10-04 07:00:00,HAN,2024-10-04 09:15:00,VN,240,6988000.00,PT2H15M
SGN,2024-10-04 08:00:00,HAN,2024-10-04 10:15:00,VN,208,6988000.00,PT2H15M
SGN,2024-10-04 10:00:00,HAN,2024-10-04 12:15:00,VN,210,6988000.00,PT2H15M
SGN,2024-10-04 11:00:00,HAN,2024-10-04 13:15:00,VN,246,6988000.00,PT2H15M
SGN,2024-10-04 12:00:00,HAN,2024-10-04 14:15:00,VN,212,6988000.00,PT2H15M
SGN,2024-10-04 13:00:00,HAN,2024-10-04 15:15:00,VN,248,6988000.00,PT2H15M
SGN,2024-10-04 14:00:00,HAN,2024-10-04 16:15:00,VN,214,6988000.00,PT2H15M
SGN,2024-10-04 15:00:00,HAN,2024-10-04 17:15:00,VN,250,6988000.00,PT2H15M
SGN,2024-10-04 16:00:00,HAN,2024-10-04 18:15:00,VN,216,6988000.00,PT2H15M
SGN,2024-10-04 09:00:00,HAN,2024-10-04 11:20:00,VN,244,6988000.00,PT2H20M
SGN,2024-10-04 11:45:00,DAD,2024-10-04 13:15:00,VN,126,7170000.00,PT1H30M
DAD,2024-10-04 14:35:00,HAN,2024-10-04 16:00:00,VN,170,7170000.00,PT1H25M
SGN,2024-10-04 08:00:00,DAD,2024-10-04 09:30:00,VN,114,8240000.00,PT1H30M
DAD,2024-10-04 10:25:00,HAN,2024-10-04 11:50:00,VN,162,8240000.00,PT1H25M
SGN,2024-10-04 06:30:00,HUI,2024-10-04 07:55:00,VJ,300,1217000.00,PT1H25M
SGN,2024-10-04 18:35:00,HUI,2024-10-04 20:00:00,VJ,308,1217000.00,PT1H25M
SGN,2024-10-04 19:25:00,HUI,2024-10-04 20:50:00,VJ,310,1217000.00,PT1H25M
SGN,2024-10-04 21:10:00,HUI,2024-10-04 22:35:00,VJ,312,1217000.00,PT1H25M
SGN,2024-10-04 20:20:00,HUI,2024-10-04 21:45:00,H1,2161,1655000.00,PT1H25M
SGN,2024-10-04 17:45:00,HUI,2024-10-04 19:10:00,W2,4308,1729000.00,PT1H25M
SGN,2024-10-04 05:50:00,HUI,2024-10-04 07:05:00,VN,1368,2308000.00,PT1H15M
SGN,2024-10-04 06:30:00,HUI,2024-10-04 07:55:00,A1,2300,2374000.00,PT1H25M
SGN,2024-10-04 07:45:00,HUI,2024-10-04 09:10:00,A1,2302,2374000.00,PT1H25M
SGN,2024-10-04 19:25:00,HUI,2024-10-04 20:50:00,A1,2310,2374000.00,PT1H25M
SGN,2024-10-04 19:10:00,HUI,2024-10-04 20:40:00,VN,1376,2442000.00,PT1H30M
HAN,2024-10-04 17:35:00,HUI,2024-10-04 18:50:00,VJ,561,2634000.00,PT1H15M
HAN,2024-10-04 11:40:00,HUI,2024-10-04 12:55:00,VJ,567,2634000.00,PT1H15M
HAN,2024-10-05 05:35:00,HUI,2024-10-05 06:45:00,VJ,565,2634000.00,PT1H10M
SGN,2024-10-04 11:25:00,HUI,2024-10-04 12:55:00,VN,1372,2843000.00,PT1H30M
DAD,2024-10-04 23:05:00,HAN,2024-10-05 00:25:00,VJ,1510,3409000.00,PT1H20M
HAN,2024-10-05 05:35:00,HUI,2024-10-05 06:45:00,H1,5125,3483000.00,PT1H10M
SGN,2024-10-04 06:15:00,PXU,2024-10-04 07:25:00,VJ,396,3516000.00,PT1H10M
PXU,2024-10-04 13:25:00,HAN,2024-10-04 15:00:00,VJ,422,3516000.00,PT1H35M
HAN,2024-10-04 11:10:00,HUI,2024-10-04 12:25:00,W2,4567,3631000.00,PT1H15M
SGN,2024-10-04 13:20:00,HAN,2024-10-04 15:30:00,W2,3190,3631000.00,PT2H10M
HAN,2024-10-04 17:35:00,HUI,2024-10-04 18:50:00,W2,4561,3631000.00,PT1H15M
SGN,2024-10-04 22:50:00,HAN,2024-10-05 01:00:00,W2,3164,3631000.00,PT2H10M
HAN,2024-10-05 05:35:00,HUI,2024-10-05 06:45:00,W2,4565,3631000.00,PT1H10M
SGN,2024-10-04 07:30:00,PQC,2024-10-04 08:30:00,VJ,323,3730000.00,PT1H
PQC,2024-10-04 12:35:00,HAN,2024-10-04 14:40:00,VJ,456,3730000.00,PT2H5M
SGN,2024-10-04 18:30:00,PQC,2024-10-04 19:30:00,VJ,337,3730000.00,PT1H
PQC,2024-10-05 09:05:00,HAN,2024-10-05 11:05:00,VJ,452,3730000.00,PT2H
HAN,2024-10-05 17:35:00,HUI,2024-10-05 18:50:00,VJ,561,3730000.00,PT1H15M
DAD,2024-10-04 23:05:00,HAN,2024-10-05 00:25:00,W2,3510,4945000.00,PT1H20M
HAN,2024-10-05 11:10:00,HUI,2024-10-05 12:25:00,W2,4567,4945000.00,PT1H15M
SGN,2024-10-04 13:20:00,HAN,2024-10-04 15:30:00,A1,2136,4948000.00,PT2H10M
HAN,2024-10-04 17:35:00,HUI,2024-10-04 18:50:00,A1,2561,4948000.00,PT1H15M
SGN,2024-10-04 13:00:00,HAN,2024-10-04 15:10:00,A1,2174,4948000.00,PT2H10M
HAN,2024-10-04 16:35:00,HUI,2024-10-04 17:50:00,VN,1545,5109000.00,PT1H15M
SGN,2024-10-04 20:30:00,DAD,2024-10-04 21:50:00,A1,2640,6881000.00,PT1H20M
DAD,2024-10-05 08:15:00,HAN,2024-10-05 09:30:00,A1,2506,6881000.00,PT1H15M
HAN,2024-10-05 17:35:00,HUI,2024-10-05 18:50:00,A1,2561,6881000.00,PT1H15M
SGN,2024-10-04 18:30:00,PQC,2024-10-04 19:30:00,A1,2337,7122000.00,PT1H
PQC,2024-10-05 12:35:00,HAN,2024-10-05 14:40:00,A1,2456,7122000.00,PT2H5M
HAN,2024-10-04 08:05:00,HUI,2024-10-04 09:10:00,VN,1541,8106000.00,PT1H5M
SGN,2024-10-04 06:40:00,CXR,2024-10-04 07:50:00,VJ,600,1217000.00,PT1H10M
SGN,2024-10-04 11:55:00,CXR,2024-10-04 13:05:00,VJ,602,1217000.00,PT1H10M
SGN,2024-10-04 06:40:00,CXR,2024-10-04 07:50:00,W2,4600,1729000.00,PT1H10M
SGN,2024-10-04 18:30:00,CXR,2024-10-04 19:45:00,VN,1350,1774000.00,PT1H15M
SGN,2024-10-04 06:40:00,CXR,2024-10-04 08:00:00,VN,1340,1774000.00,PT1H20M
SGN,2024-10-04 14:10:00,CXR,2024-10-04 15:25:00,VN,1346,2040000.00,PT1H15M
HAN,2024-10-04 14:40:00,CXR,2024-10-04 16:30:00,VJ,785,2954000.00,PT1H50M
HAN,2024-10-04 14:55:00,CXR,2024-10-04 16:30:00,VJ,1781,2954000.00,PT1H35M
HAN,2024-10-04 16:15:00,CXR,2024-10-04 18:05:00,VJ,787,2954000.00,PT1H50M
HAN,2024-10-05 05:45:00,CXR,2024-10-05 07:35:00,VJ,771,2954000.00,PT1H50M
HAN,2024-10-05 06:50:00,CXR,2024-10-05 08:40:00,VJ,775,2954000.00,PT1H50M
SGN,2024-10-04 05:15:00,HPH,2024-10-04 07:15:00,VJ,272,2954000.00,PT2H
HPH,2024-10-04 12:40:00,CXR,2024-10-04 14:25:00,VJ,733,2954000.00,PT1H45M
SGN,2024-10-04 18:10:00,HPH,2024-10-04 20:10:00,VJ,282,2954000.00,PT2H
HPH,2024-10-05 15:30:00,CXR,2024-10-05 17:15:00,VJ,731,2954000.00,PT1H45M
SGN,2024-10-04 16:20:00,HPH,2024-10-04 18:20:00,VJ,280,2954000.00,PT2H
HAN,2024-10-05 05:45:00,CXR,2024-10-05 07:35:00,H1,4467,3777000.00,PT1H50M
HAN,2024-10-05 06:50:00,CXR,2024-10-05 08:40:00,H1,4334,3777000.00,PT1H50M
HAN,2024-10-04 13:15:00,CXR,2024-10-04 15:10:00,QH,1415,3856000.00,PT1H55M
HAN,2024-10-05 13:15:00,CXR,2024-10-05 15:10:00,QH,1415,3856000.00,PT1H55M
HAN,2024-10-04 14:55:00,CXR,2024-10-04 16:30:00,W2,3781,3925000.00,PT1H35M
HAN,2024-10-04 14:40:00,CXR,2024-10-04 16:30:00,W2,4785,3925000.00,PT1H50M
HAN,2024-10-05 05:45:00,CXR,2024-10-05 07:35:00,W2,4771,3925000.00,PT1H50M
HAN,2024-10-05 06:50:00,CXR,2024-10-05 08:40:00,W2,4775,3925000.00,PT1H50M
SGN,2024-10-04 05:15:00,HPH,2024-10-04 07:15:00,W2,4272,3925000.00,PT2H
HPH,2024-10-04 12:40:00,CXR,2024-10-04 14:25:00,W2,4733,3925000.00,PT1H45M
SGN,2024-10-04 18:10:00,HPH,2024-10-04 20:10:00,W2,4282,3925000.00,PT2H
HPH,2024-10-05 15:30:00,CXR,2024-10-05 17:15:00,W2,4731,3925000.00,PT1H45M
HAN,2024-10-04 14:55:00,CXR,2024-10-04 16:30:00,A1,4781,4773000.00,PT1H35M
HAN,2024-10-05 14:55:00,CXR,2024-10-05 16:30:00,A1,4781,4773000.00,PT1H35M
HAN,2024-10-04 16:15:00,CXR,2024-10-04 18:05:00,A1,2787,5021000.00,PT1H50M
HAN,2024-10-04 14:40:00,CXR,2024-10-04 16:30:00,A1,2785,5021000.00,PT1H50M
HAN,2024-10-05 05:45:00,CXR,2024-10-05 07:35:00,A1,2771,5021000.00,PT1H50M
SGN,2024-10-04 21:15:00,HAN,2024-10-04 23:25:00,A1,2176,5269000.00,PT2H10M
SGN,2024-10-04 09:35:00,HPH,2024-10-04 11:30:00,VJ,274,1538000.00,PT1H55M
SGN,2024-10-04 12:10:00,HPH,2024-10-04 14:10:00,VJ,276,1538000.00,PT2H
SGN,2024-10-04 14:10:00,HPH,2024-10-04 16:10:00,VJ,278,1538000.00,PT2H
SGN,2024-10-04 09:35:00,HPH,2024-10-04 11:30:00,W2,4274,2023000.00,PT1H55M
SGN,2024-10-04 12:10:00,HPH,2024-10-04 14:10:00,W2,4276,2023000.00,PT2H
SGN,2024-10-04 14:10:00,HPH,2024-10-04 16:10:00,W2,4278,2023000.00,PT2H
SGN,2024-10-04 16:20:00,HPH,2024-10-04 18:20:00,W2,4280,2023000.00,PT2H
SGN,2024-10-04 06:10:00,HPH,2024-10-04 08:15:00,QH,1540,2109000.00,PT2H5M
SGN,2024-10-04 11:05:00,DAD,2024-10-04 12:25:00,VJ,628,2313000.00,PT1H20M
DAD,2024-10-04 15:55:00,HPH,2024-10-04 17:10:00,VJ,724,2313000.00,PT1H15M
SGN,2024-10-04 20:30:00,DAD,2024-10-04 21:50:00,VJ,640,2313000.00,PT1H20M
DAD,2024-10-05 08:55:00,HPH,2024-10-05 10:15:00,VJ,726,2313000.00,PT1H20M
CXR,2024-10-04 10:30:00,HPH,2024-10-04 12:15:00,VJ,734,2634000.00,PT1H45M
PQC,2024-10-04 13:05:00,HPH,2024-10-04 15:10:00,VJ,768,2634000.00,PT2H5M
SGN,2024-10-04 12:35:00,HPH,2024-10-04 14:35:00,VN,6440,2709000.00,PT2H
SGN,2024-10-04 20:30:00,HPH,2024-10-04 22:40:00,VN,1188,2709000.00,PT2H10M
DAD,2024-10-05 08:55:00,HPH,2024-10-05 10:15:00,H1,4172,3189000.00,PT1H20M
SGN,2024-10-04 18:05:00,HPH,2024-10-04 20:10:00,VN,1186,3244000.00,PT2H5M
SGN,2024-10-04 09:10:00,HPH,2024-10-04 11:20:00,VN,1176,3244000.00,PT2H10M
SGN,2024-10-04 11:05:00,DAD,2024-10-04 12:25:00,W2,4628,3337000.00,PT1H20M
DAD,2024-10-04 15:55:00,HPH,2024-10-04 17:10:00,W2,4724,3337000.00,PT1H15M
DAD,2024-10-05 08:55:00,HPH,2024-10-05 10:15:00,W2,4726,3337000.00,PT1H20M
SGN,2024-10-04 17:20:00,BMV,2024-10-04 18:20:00,W2,4358,3444000.00,PT1H
BMV,2024-10-05 13:15:00,HPH,2024-10-05 14:55:00,W2,4670,3444000.00,PT1H40M
CXR,2024-10-04 10:30:00,HPH,2024-10-04 12:15:00,W2,4734,3631000.00,PT1H45M
PQC,2024-10-04 13:05:00,HPH,2024-10-04 15:10:00,W2,4768,3631000.00,PT2H5M
HAN,2024-10-04 11:20:00,DAD,2024-10-04 12:40:00,VJ,507,3730000.00,PT1H20M
HAN,2024-10-05 05:30:00,DAD,2024-10-05 06:50:00,VJ,501,3730000.00,PT1H20M
SGN,2024-10-04 08:30:00,VII,2024-10-04 10:20:00,VJ,212,4158000.00,PT1H50M
VII,2024-10-04 11:10:00,DLI,2024-10-04 12:45:00,VJ,713,4158000.00,PT1H35M
DLI,2024-10-04 17:45:00,HPH,2024-10-04 19:30:00,VJ,692,4158000.00,PT1H45M
SGN,2024-10-04 05:55:00,VII,2024-10-04 07:45:00,VJ,210,4158000.00,PT1H50M
HAN,2024-10-05 06:15:00,BMV,2024-10-05 08:00:00,VJ,491,4158000.00,PT1H45M
BMV,2024-10-05 13:15:00,HPH,2024-10-05 14:55:00,VJ,670,4158000.00,PT1H40M
HAN,2024-10-04 10:20:00,DLI,2024-10-04 12:10:00,VJ,401,4371000.00,PT1H50M
CXR,2024-10-05 17:55:00,HPH,2024-10-05 19:40:00,VJ,732,4371000.00,PT1H45M
DAD,2024-10-05 08:55:00,HPH,2024-10-05 10:15:00,A1,2726,4379000.00,PT1H20M
HAN,2024-10-05 05:30:00,DAD,2024-10-05 06:50:00,H1,4029,5017000.00,PT1H20M
HAN,2024-10-04 11:20:00,DAD,2024-10-04 12:40:00,W2,4507,5239000.00,PT1H20M
HAN,2024-10-05 05:30:00,DAD,2024-10-05 06:50:00,W2,4501,5239000.00,PT1H20M
HAN,2024-10-05 06:15:00,BMV,2024-10-05 08:00:00,H1,4443,5419000.00,PT1H45M
BMV,2024-10-05 13:15:00,HPH,2024-10-05 14:55:00,H1,4381,5419000.00,PT1H40M
CXR,2024-10-05 17:55:00,HPH,2024-10-05 19:40:00,H1,4474,5606000.00,PT1H45M
SGN,2024-10-04 08:50:00,VII,2024-10-04 10:40:00,W2,4212,5641000.00,PT1H50M
VII,2024-10-04 11:10:00,DLI,2024-10-04 12:45:00,W2,4713,5641000.00,PT1H35M
DLI,2024-10-04 17:45:00,HPH,2024-10-04 19:30:00,W2,4692,5641000.00,PT1H45M
SGN,2024-10-04 05:55:00,VII,2024-10-04 07:45:00,W2,4210,5641000.00,PT1H50M
HAN,2024-10-05 06:15:00,BMV,2024-10-05 08:00:00,W2,4491,5641000.00,PT1H45M
HAN,2024-10-04 10:20:00,DLI,2024-10-04 12:10:00,W2,4401,5828000.00,PT1H50M
CXR,2024-10-05 17:55:00,HPH,2024-10-05 19:40:00,W2,4732,5828000.00,PT1H45M
CXR,2024-10-05 17:55:00,HPH,2024-10-05 19:40:00,A1,2732,7595000.00,PT1H45M
SGN,2024-10-04 08:50:00,VII,2024-10-04 10:40:00,A1,2212,7629000.00,PT1H50M
VII,2024-10-04 11:10:00,DLI,2024-10-04 12:45:00,A1,2713,7629000.00,PT1H35M
DLI,2024-10-04 17:45:00,HPH,2024-10-04 19:30:00,A1,2692,7629000.00,PT1H45M
SGN,2024-10-04 10:20:00,VII,2024-10-04 12:10:00,VJ,214,1538000.00,PT1H50M
SGN,2024-10-04 15:25:00,VII,2024-10-04 17:15:00,VJ,216,1538000.00,PT1H50M
SGN,2024-10-04 19:50:00,VII,2024-10-04 21:40:00,VJ,218,1538000.00,PT1H50M
SGN,2024-10-04 21:45:00,VII,2024-10-04 23:35:00,VJ,220,1538000.00,PT1H50M
SGN,2024-10-04 10:20:00,VII,2024-10-04 12:10:00,W2,4214,2023000.00,PT1H50M
SGN,2024-10-04 15:25:00,VII,2024-10-04 17:15:00,W2,4216,2023000.00,PT1H50M
SGN,2024-10-04 19:50:00,VII,2024-10-04 21:40:00,W2,4218,2023000.00,PT1H50M
SGN,2024-10-04 21:20:00,VII,2024-10-04 23:10:00,W2,4220,2023000.00,PT1H50M
SGN,2024-10-04 19:20:00,VII,2024-10-04 21:10:00,QH,1154,2109000.00,PT1H50M
BMV,2024-10-04 17:05:00,VII,2024-10-04 18:30:00,VJ,740,2313000.00,PT1H25M
SGN,2024-10-04 17:20:00,BMV,2024-10-04 18:20:00,VJ,358,2313000.00,PT1H
BMV,2024-10-05 17:05:00,VII,2024-10-05 18:30:00,VJ,740,2313000.00,PT1H25M
DLI,2024-10-05 13:10:00,VII,2024-10-05 14:45:00,VJ,712,2420000.00,PT1H35M
SGN,2024-10-04 11:20:00,VII,2024-10-04 13:05:00,VN,1264,2709000.00,PT1H45M
SGN,2024-10-04 07:05:00,VII,2024-10-04 08:55:00,VN,1262,2709000.00,PT1H50M
SGN,2024-10-04 14:00:00,VII,2024-10-04 15:50:00,VN,1266,2709000.00,PT1H50M
SGN,2024-10-04 19:25:00,VII,2024-10-04 21:15:00,VN,1268,2709000.00,PT1H50M
BMV,2024-10-04 17:05:00,VII,2024-10-04 18:30:00,W2,4740,3337000.00,PT1H25M
BMV,2024-10-05 17:05:00,VII,2024-10-05 18:30:00,W2,4740,3337000.00,PT1H25M
DLI,2024-10-05 13:10:00,VII,2024-10-05 14:45:00,W2,4712,3444000.00,PT1H35M
HPH,2024-10-05 11:00:00,BMV,2024-10-05 12:40:00,VJ,671,3837000.00,PT1H40M
HAN,2024-10-04 18:05:00,DLI,2024-10-04 19:55:00,VJ,407,4158000.00,PT1H50M
SGN,2024-10-04 13:20:00,HAN,2024-10-04 15:30:00,VJ,1190,4158000.00,PT2H10M
HAN,2024-10-04 18:40:00,DLI,2024-10-04 20:30:00,VJ,409,4158000.00,PT1H50M
HAN,2024-10-04 17:00:00,VII,2024-10-04 17:50:00,VN,1717,4708000.00,PT50M
HAN,2024-10-05 07:25:00,VII,2024-10-05 08:20:00,VN,1715,4708000.00,PT55M
SGN,2024-10-04 07:20:00,VDH,2024-10-04 09:00:00,VN,1404,5080000.00,PT1H40M
VDH,2024-10-04 10:50:00,HAN,2024-10-04 11:55:00,VN,1590,5080000.00,PT1H5M
DAD,2024-10-05 13:20:00,VCA,2024-10-05 14:50:00,W2,4703,5239000.00,PT1H30M
VCA,2024-10-06 08:45:00,VII,2024-10-06 10:35:00,W2,4480,5239000.00,PT1H50M
BMV,2024-10-05 17:05:00,VII,2024-10-05 18:30:00,H1,4390,5312000.00,PT1H25M
HPH,2024-10-05 11:00:00,BMV,2024-10-05 12:40:00,W2,4671,5346000.00,PT1H40M
HUI,2024-10-04 09:50:00,HAN,2024-10-04 11:10:00,VN,1540,5481000.00,PT1H20M
HAN,2024-10-04 18:05:00,DLI,2024-10-04 19:55:00,W2,4407,5641000.00,PT1H50M
HAN,2024-10-04 18:40:00,DLI,2024-10-04 20:30:00,W2,4409,5641000.00,PT1H50M
HPH,2024-10-04 15:35:00,DLI,2024-10-04 17:20:00,W2,4693,5641000.00,PT1H45M
SGN,2024-10-04 07:40:00,TBB,2024-10-04 09:05:00,VN,1660,5748000.00,PT1H25M
TBB,2024-10-04 14:15:00,HAN,2024-10-04 15:55:00,VN,1650,5748000.00,PT1H40M
HAN,2024-10-05 11:35:00,VCA,2024-10-05 13:45:00,W2,4463,5828000.00,PT2H10M
SGN,2024-10-04 07:05:00,UIH,2024-10-04 08:15:00,VN,1392,5882000.00,PT1H10M
UIH,2024-10-04 13:15:00,HAN,2024-10-04 14:50:00,VN,1622,5882000.00,PT1H35M
CXR,2024-10-04 12:35:00,HAN,2024-10-04 14:30:00,VN,1552,6417000.00,PT1H55M
DAD,2024-10-05 13:20:00,VCA,2024-10-05 14:50:00,A1,2703,6954000.00,PT1H30M
VCA,2024-10-06 08:45:00,VII,2024-10-06 10:35:00,A1,2480,6954000.00,PT1H50M
SGN,2024-10-04 11:30:00,UIH,2024-10-04 12:45:00,QH,1122,7279000.00,PT1H15M
HAN,2024-10-05 18:10:00,VCA,2024-10-05 20:20:00,A1,4465,7347000.00,PT2H10M
HAN,2024-10-04 18:05:00,DLI,2024-10-04 19:55:00,A1,2407,7381000.00,PT1H50M
DLI,2024-10-05 13:10:00,VII,2024-10-05 14:45:00,A1,2712,7381000.00,PT1H35M
HAN,2024-10-04 18:40:00,DLI,2024-10-04 20:30:00,A1,2409,7381000.00,PT1H50M
HAN,2024-10-05 16:55:00,VCA,2024-10-05 19:05:00,A1,2467,7595000.00,PT2H10M
SGN,2024-10-04 16:20:00,DLI,2024-10-04 17:20:00,VN,1386,2709000.00,PT1H
SGN,2024-10-04 18:15:00,DLI,2024-10-04 19:20:00,VN,8024,2709000.00,PT1H5M
SGN,2024-10-04 10:55:00,DLI,2024-10-04 11:55:00,VN,1382,2843000.00,PT1H
HAN,2024-10-04 16:00:00,DLI,2024-10-04 17:50:00,VJ,405,2954000.00,PT1H50M
HPH,2024-10-04 15:35:00,DLI,2024-10-04 17:20:00,VJ,693,2954000.00,PT1H45M
VII,2024-10-05 11:10:00,DLI,2024-10-05 12:45:00,VJ,713,3516000.00,PT1H35M
HAN,2024-10-05 08:20:00,DLI,2024-10-05 10:15:00,QH,1421,3856000.00,PT1H55M
SGN,2024-10-04 11:00:00,HAN,2024-10-04 13:10:00,W2,3168,3925000.00,PT2H10M
HAN,2024-10-04 16:00:00,DLI,2024-10-04 17:50:00,W2,4405,3925000.00,PT1H50M
DAD,2024-10-05 15:30:00,DLI,2024-10-05 16:40:00,VN,1955,4521000.00,PT1H10M
VII,2024-10-05 11:10:00,DLI,2024-10-05 12:45:00,W2,4713,5052000.00,PT1H35M
SGN,2024-10-04 05:15:00,HPH,2024-10-04 07:15:00,A1,2272,5269000.00,PT2H
HPH,2024-10-04 15:35:00,DLI,2024-10-04 17:20:00,A1,2693,5269000.00,PT1H45M
HAN,2024-10-04 05:10:00,SGN,2024-10-04 07:20:00,VJ,199,1538000.00,PT2H10M
HAN,2024-10-04 06:00:00,SGN,2024-10-04 08:10:00,VJ,121,1538000.00,PT2H10M
HAN,2024-10-04 07:00:00,SGN,2024-10-04 09:10:00,VJ,123,1538000.00,PT2H10M
HAN,2024-10-04 08:05:00,SGN,2024-10-04 10:15:00,VJ,1125,1538000.00,PT2H10M
HAN,2024-10-04 08:40:00,SGN,2024-10-04 10:50:00,VJ,1127,1538000.00,PT2H10M
HAN,2024-10-04 09:40:00,SGN,2024-10-04 11:50:00,VJ,129,1538000.00,PT2H10M
HAN,2024-10-04 09:50:00,SGN,2024-10-04 12:00:00,VJ,169,1538000.00,PT2H10M
HAN,2024-10-04 10:10:00,SGN,2024-10-04 12:20:00,VJ,131,1538000.00,PT2H10M
HAN,2024-10-04 10:40:00,SGN,2024-10-04 12:50:00,VJ,139,1538000.00,PT2H10M
HAN,2024-10-04 12:30:00,SGN,2024-10-04 14:40:00,VJ,133,1538000.00,PT2H10M
HAN,2024-10-04 13:20:00,SGN,2024-10-04 15:30:00,VJ,135,1538000.00,PT2H10M
HAN,2024-10-04 13:40:00,SGN,2024-10-04 15:50:00,VJ,137,1538000.00,PT2H10M
HAN,2024-10-04 14:35:00,SGN,2024-10-04 16:45:00,VJ,1191,1538000.00,PT2H10M
HAN,2024-10-04 15:10:00,SGN,2024-10-04 17:20:00,VJ,173,1538000.00,PT2H10M
HAN,2024-10-04 16:10:00,SGN,2024-10-04 18:20:00,VJ,175,1538000.00,PT2H10M
HAN,2024-10-04 16:30:00,SGN,2024-10-04 18:40:00,VJ,147,1538000.00,PT2H10M
HAN,2024-10-04 18:15:00,SGN,2024-10-04 20:25:00,VJ,155,1538000.00,PT2H10M
HAN,2024-10-04 19:35:00,SGN,2024-10-04 21:45:00,VJ,159,1538000.00,PT2H10M
HAN,2024-10-04 19:40:00,SGN,2024-10-04 21:50:00,VJ,1153,1538000.00,PT2H10M
HAN,2024-10-04 20:55:00,SGN,2024-10-04 23:05:00,VJ,161,1538000.00,PT2H10M
HAN,2024-10-04 22:25:00,SGN,2024-10-05 00:35:00,VJ,183,1538000.00,PT2H10M
HAN,2024-10-04 22:50:00,SGN,2024-10-05 01:00:00,VJ,163,1538000.00,PT2H10M
HAN,2024-10-04 23:05:00,SGN,2024-10-05 01:15:00,VJ,165,1538000.00,PT2H10M
HAN,2024-10-04 11:55:00,SGN,2024-10-04 14:10:00,VJ,1151,1538000.00,PT2H15M
HAN,2024-10-04 17:55:00,SGN,2024-10-04 20:10:00,VJ,1149,1538000.00,PT2H15M
HAN,2024-10-04 18:20:00,SGN,2024-10-04 20:35:00,VJ,151,1538000.00,PT2H15M
HAN,2024-10-04 20:40:00,SGN,2024-10-04 22:55:00,VJ,157,1538000.00,PT2H15M
HAN,2024-10-04 22:25:00,SGN,2024-10-05 00:35:00,H1,4447,1949000.00,PT2H10M
HAN,2024-10-04 22:50:00,SGN,2024-10-05 01:00:00,H1,4271,1949000.00,PT2H10M
HAN,2024-10-04 23:05:00,SGN,2024-10-05 01:15:00,H1,4509,1949000.00,PT2H10M
HAN,2024-10-04 20:40:00,SGN,2024-10-04 22:55:00,H1,4265,1949000.00,PT2H15M
HAN,2024-10-04 05:10:00,SGN,2024-10-04 07:20:00,W2,4199,2023000.00,PT2H10M
HAN,2024-10-04 06:00:00,SGN,2024-10-04 08:10:00,W2,4121,2023000.00,PT2H10M
HAN,2024-10-04 08:05:00,SGN,2024-10-04 10:15:00,W2,3125,2023000.00,PT2H10M
HAN,2024-10-04 08:40:00,SGN,2024-10-04 10:50:00,W2,3127,2023000.00,PT2H10M
HAN,2024-10-04 09:40:00,SGN,2024-10-04 11:50:00,W2,4129,2023000.00,PT2H10M
HAN,2024-10-04 10:40:00,SGN,2024-10-04 12:50:00,W2,4139,2023000.00,PT2H10M
HAN,2024-10-04 13:40:00,SGN,2024-10-04 15:50:00,W2,4137,2023000.00,PT2H10M
HAN,2024-10-04 14:35:00,SGN,2024-10-04 16:45:00,W2,3191,2023000.00,PT2H10M
HAN,2024-10-04 18:15:00,SGN,2024-10-04 20:25:00,W2,4155,2023000.00,PT2H10M
HAN,2024-10-04 19:35:00,SGN,2024-10-04 21:45:00,W2,4159,2023000.00,PT2H10M
HAN,2024-10-04 19:40:00,SGN,2024-10-04 21:50:00,W2,3153,2023000.00,PT2H10M
HAN,2024-10-04 20:55:00,SGN,2024-10-04 23:05:00,W2,4161,2023000.00,PT2H10M
HAN,2024-10-04 23:05:00,SGN,2024-10-05 01:15:00,W2,4165,2023000.00,PT2H10M
HAN,2024-10-04 11:55:00,SGN,2024-10-04 14:10:00,W2,3151,2023000.00,PT2H15M
HAN,2024-10-04 17:55:00,SGN,2024-10-04 20:10:00,W2,3149,2023000.00,PT2H15M
HAN,2024-10-04 18:20:00,SGN,2024-10-04 20:35:00,W2,4151,2023000.00,PT2H15M
HAN,2024-10-04 20:40:00,SGN,2024-10-04 22:55:00,W2,4157,2023000.00,PT2H15M
HAN,2024-10-04 06:45:00,SGN,2024-10-04 08:55:00,QH,201,2082000.00,PT2H10M
HAN,2024-10-04 10:35:00,SGN,2024-10-04 12:45:00,QH,211,2082000.00,PT2H10M
HAN,2024-10-04 18:10:00,SGN,2024-10-04 20:20:00,QH,275,2082000.00,PT2H10M
HAN,2024-10-04 20:25:00,SGN,2024-10-04 22:35:00,QH,263,2082000.00,PT2H10M
HUI,2024-10-04 19:35:00,SGN,2024-10-04 21:00:00,VJ,309,2313000.00,PT1H25M
HAN,2024-10-04 05:35:00,HUI,2024-10-04 06:45:00,VJ,565,2313000.00,PT1H10M
HUI,2024-10-04 08:20:00,SGN,2024-10-04 09:45:00,VJ,301,2313000.00,PT1H25M
HUI,2024-10-04 21:35:00,SGN,2024-10-04 23:00:00,VJ,311,2313000.00,PT1H25M
HUI,2024-10-04 09:45:00,SGN,2024-10-04 11:10:00,VJ,303,2313000.00,PT1H25M
HAN,2024-10-04 05:30:00,DAD,2024-10-04 06:50:00,VJ,501,2313000.00,PT1H20M
DAD,2024-10-04 08:55:00,SGN,2024-10-04 10:15:00,VJ,1623,2313000.00,PT1H20M
HAN,2024-10-04 14:05:00,DAD,2024-10-04 15:25:00,VJ,513,2313000.00,PT1H20M
DAD,2024-10-04 17:35:00,SGN,2024-10-04 18:55:00,VJ,635,2313000.00,PT1H20M
HAN,2024-10-04 18:55:00,DAD,2024-10-04 20:15:00,VJ,509,2313000.00,PT1H20M
DAD,2024-10-04 22:25:00,SGN,2024-10-04 23:50:00,VJ,641,2313000.00,PT1H25M
DAD,2024-10-04 15:15:00,SGN,2024-10-04 16:35:00,VJ,631,2313000.00,PT1H20M
HAN,2024-10-04 06:25:00,DAD,2024-10-04 07:45:00,VJ,503,2313000.00,PT1H20M
DAD,2024-10-04 10:30:00,SGN,2024-10-04 11:55:00,VJ,625,2313000.00,PT1H25M
HAN,2024-10-04 10:15:00,DAD,2024-10-04 11:35:00,VJ,505,2313000.00,PT1H20M
DAD,2024-10-04 16:20:00,SGN,2024-10-04 17:40:00,VJ,1639,2313000.00,PT1H20M
HAN,2024-10-04 06:05:00,UIH,2024-10-04 07:40:00,VJ,435,2420000.00,PT1H35M
UIH,2024-10-04 08:25:00,SGN,2024-10-04 09:30:00,VJ,381,2420000.00,PT1H5M
HAN,2024-10-04 13:45:00,UIH,2024-10-04 15:20:00,VJ,431,2420000.00,PT1H35M
UIH,2024-10-04 18:50:00,SGN,2024-10-04 19:55:00,VJ,385,2420000.00,PT1H5M
UIH,2024-10-04 11:45:00,SGN,2024-10-04 12:50:00,VJ,383,2420000.00,PT1H5M
HAN,2024-10-04 15:05:00,PXU,2024-10-04 16:40:00,VJ,425,2420000.00,PT1H35M
PXU,2024-10-04 18:40:00,SGN,2024-10-04 19:50:00,VJ,399,2420000.00,PT1H10M
HAN,2024-10-04 16:25:00,SGN,2024-10-04 18:35:00,QH,255,2590000.00,PT2H10M
HAN,2024-10-04 15:40:00,BMV,2024-10-04 17:25:00,VJ,493,2634000.00,PT1H45M
BMV,2024-10-04 18:55:00,SGN,2024-10-04 19:55:00,VJ,359,2634000.00,PT1H
HAN,2024-10-04 06:30:00,PQC,2024-10-04 08:35:00,VJ,451,2634000.00,PT2H5M
PQC,2024-10-04 11:40:00,SGN,2024-10-04 12:45:00,VJ,326,2634000.00,PT1H5M
HAN,2024-10-04 14:15:00,PQC,2024-10-04 16:20:00,VJ,459,2634000.00,PT2H5M
PQC,2024-10-04 20:30:00,SGN,2024-10-04 21:30:00,VJ,336,2634000.00,PT1H
PQC,2024-10-04 14:00:00,SGN,2024-10-04 15:05:00,VJ,328,2634000.00,PT1H5M
HAN,2024-10-04 10:00:00,PQC,2024-10-04 12:05:00,VJ,455,2634000.00,PT2H5M
PQC,2024-10-04 17:25:00,SGN,2024-10-04 18:35:00,VJ,330,2634000.00,PT1H10M
PQC,2024-10-05 07:05:00,SGN,2024-10-05 08:10:00,VJ,322,2634000.00,PT1H5M
DLI,2024-10-04 19:00:00,SGN,2024-10-04 19:50:00,VJ,363,2634000.00,PT50M
DLI,2024-10-05 19:00:00,SGN,2024-10-05 19:50:00,VJ,363,2634000.00,PT50M
HAN,2024-10-04 07:00:00,SGN,2024-10-04 09:10:00,A1,2123,2694000.00,PT2H10M
HAN,2024-10-04 09:50:00,SGN,2024-10-04 12:00:00,A1,2169,2694000.00,PT2H10M
HAN,2024-10-04 10:10:00,SGN,2024-10-04 12:20:00,A1,2131,2694000.00,PT2H10M
HAN,2024-10-04 12:30:00,SGN,2024-10-04 14:40:00,A1,2133,2694000.00,PT2H10M
HAN,2024-10-04 13:20:00,SGN,2024-10-04 15:30:00,A1,2135,2694000.00,PT2H10M
HAN,2024-10-04 15:10:00,SGN,2024-10-04 17:20:00,A1,2173,2694000.00,PT2H10M
HAN,2024-10-04 16:10:00,SGN,2024-10-04 18:20:00,A1,2175,2694000.00,PT2H10M
HAN,2024-10-04 16:30:00,SGN,2024-10-04 18:40:00,A1,2147,2694000.00,PT2H10M
HAN,2024-10-04 22:25:00,SGN,2024-10-05 00:35:00,A1,2183,2694000.00,PT2H10M
HAN,2024-10-04 22:50:00,SGN,2024-10-05 01:00:00,A1,2163,2694000.00,PT2H10M
HAN,2024-10-04 06:05:00,DAD,2024-10-04 07:30:00,QH,101,2867000.00,PT1H25M
DAD,2024-10-04 11:55:00,SGN,2024-10-04 13:20:00,QH,155,2867000.00,PT1H25M
DAD,2024-10-04 23:05:00,SGN,2024-10-05 00:35:00,QH,191,2867000.00,PT1H30M
HAN,2024-10-04 16:25:00,DAD,2024-10-04 17:50:00,QH,115,3242000.00,PT1H25M
DAD,2024-10-05 07:30:00,SGN,2024-10-05 09:00:00,QH,151,3242000.00,PT1H30M
HAN,2024-10-04 22:00:00,SGN,2024-10-05 00:15:00,VN,267,3244000.00,PT2H15M
HAN,2024-10-04 23:00:00,SGN,2024-10-05 01:15:00,VN,223,3244000.00,PT2H15M
HUI,2024-10-04 13:10:00,SGN,2024-10-04 14:35:00,W2,4305,3337000.00,PT1H25M
HAN,2024-10-04 05:30:00,DAD,2024-10-04 06:50:00,W2,4501,3337000.00,PT1H20M
DAD,2024-10-04 08:55:00,SGN,2024-10-04 10:15:00,W2,3623,3337000.00,PT1H20M
HAN,2024-10-04 14:05:00,DAD,2024-10-04 15:25:00,W2,4513,3337000.00,PT1H20M
DAD,2024-10-04 17:35:00,SGN,2024-10-04 18:55:00,W2,4635,3337000.00,PT1H20M
DAD,2024-10-04 15:15:00,SGN,2024-10-04 16:35:00,W2,4631,3337000.00,PT1H20M
HAN,2024-10-04 06:25:00,DAD,2024-10-04 07:45:00,W2,4503,3337000.00,PT1H20M
DAD,2024-10-04 10:30:00,SGN,2024-10-04 11:55:00,W2,4625,3337000.00,PT1H25M
HAN,2024-10-04 10:15:00,DAD,2024-10-04 11:35:00,W2,4505,3337000.00,PT1H20M
DAD,2024-10-04 16:20:00,SGN,2024-10-04 17:40:00,W2,3639,3337000.00,PT1H20M
DAD,2024-10-04 20:25:00,SGN,2024-10-04 21:45:00,W2,4637,3337000.00,PT1H20M
DAD,2024-10-04 12:55:00,SGN,2024-10-04 14:15:00,W2,4629,3337000.00,PT1H20M
HAN,2024-10-04 06:05:00,UIH,2024-10-04 07:40:00,W2,4435,3444000.00,PT1H35M
UIH,2024-10-04 08:25:00,SGN,2024-10-04 09:30:00,W2,4381,3444000.00,PT1H5M
HAN,2024-10-04 15:05:00,PXU,2024-10-04 16:40:00,W2,4425,3444000.00,PT1H35M
PXU,2024-10-04 18:40:00,SGN,2024-10-04 19:50:00,W2,4399,3444000.00,PT1H10M
HAN,2024-10-04 15:40:00,BMV,2024-10-04 17:25:00,W2,4493,3631000.00,PT1H45M
BMV,2024-10-04 18:55:00,SGN,2024-10-04 19:55:00,W2,4359,3631000.00,PT1H
HAN,2024-10-04 06:30:00,PQC,2024-10-04 08:35:00,W2,4451,3631000.00,PT2H5M
PQC,2024-10-04 11:40:00,SGN,2024-10-04 12:45:00,W2,4326,3631000.00,PT1H5M
HAN,2024-10-04 14:15:00,PQC,2024-10-04 16:20:00,W2,4459,3631000.00,PT2H5M
PQC,2024-10-04 20:30:00,SGN,2024-10-04 21:30:00,W2,4336,3631000.00,PT1H
PQC,2024-10-04 14:00:00,SGN,2024-10-04 15:05:00,W2,4328,3631000.00,PT1H5M
HAN,2024-10-04 10:00:00,PQC,2024-10-04 12:05:00,W2,4455,3631000.00,PT2H5M
PQC,2024-10-04 17:25:00,SGN,2024-10-04 18:35:00,W2,4330,3631000.00,PT1H10M
HAN,2024-10-04 06:50:00,CXR,2024-10-04 08:40:00,W2,4775,3631000.00,PT1H50M
CXR,2024-10-04 15:20:00,SGN,2024-10-04 16:20:00,W2,4605,3631000.00,PT1H
HAN,2024-10-04 05:45:00,CXR,2024-10-04 07:35:00,W2,4771,3631000.00,PT1H50M
DLI,2024-10-04 19:00:00,SGN,2024-10-04 19:50:00,W2,4363,3631000.00,PT50M
HAN,2024-10-04 19:50:00,SGN,2024-10-04 22:00:00,VN,7259,3779000.00,PT2H10M
HAN,2024-10-04 20:30:00,SGN,2024-10-04 22:45:00,VN,265,3779000.00,PT2H15M
HAN,2024-10-04 06:00:00,SGN,2024-10-04 08:15:00,VN,243,4046000.00,PT2H15M
HAN,2024-10-04 19:00:00,SGN,2024-10-04 21:15:00,VN,219,4046000.00,PT2H15M
HAN,2024-10-04 20:00:00,SGN,2024-10-04 22:15:00,VN,263,4046000.00,PT2H15M
HAN,2024-10-04 21:00:00,SGN,2024-10-04 23:15:00,VN,221,4046000.00,PT2H15M
HAN,2024-10-04 14:30:00,SGN,2024-10-04 16:50:00,VN,7221,4046000.00,PT2H20M
HAN,2024-10-04 07:25:00,VII,2024-10-04 08:20:00,VN,1715,4229000.00,PT55M
VII,2024-10-04 09:35:00,SGN,2024-10-04 11:25:00,VN,1263,4229000.00,PT1H50M
HAN,2024-10-04 06:25:00,DAD,2024-10-04 07:45:00,A1,2503,4379000.00,PT1H20M
DAD,2024-10-04 16:20:00,SGN,2024-10-04 17:40:00,A1,4639,4379000.00,PT1H20M
HAN,2024-10-04 22:35:00,DAD,2024-10-04 23:50:00,A1,2519,4379000.00,PT1H15M
DAD,2024-10-05 08:55:00,SGN,2024-10-05 10:15:00,A1,4623,4379000.00,PT1H20M
HAN,2024-10-04 21:00:00,DAD,2024-10-04 22:15:00,A1,2533,4379000.00,PT1H15M
CXR,2024-10-04 16:05:00,SGN,2024-10-04 17:20:00,VN,1347,4521000.00,PT1H15M
HAN,2024-10-04 08:20:00,DLI,2024-10-04 10:15:00,QH,1421,4521000.00,PT1H55M
DLI,2024-10-04 12:35:00,SGN,2024-10-04 13:35:00,VN,1383,4521000.00,PT1H
HAN,2024-10-04 05:00:00,SGN,2024-10-04 07:15:00,VN,205,4581000.00,PT2H15M
HAN,2024-10-04 18:55:00,DAD,2024-10-04 20:15:00,A1,2509,4627000.00,PT1H20M
DAD,2024-10-04 22:25:00,SGN,2024-10-04 23:50:00,A1,2641,4627000.00,PT1H25M
DAD,2024-10-04 15:15:00,SGN,2024-10-04 16:35:00,A1,2631,4627000.00,PT1H20M
DAD,2024-10-05 07:25:00,SGN,2024-10-05 08:45:00,A1,2621,4627000.00,PT1H20M
HAN,2024-10-04 13:45:00,UIH,2024-10-04 15:20:00,A1,2431,4734000.00,PT1H35M
UIH,2024-10-05 11:45:00,SGN,2024-10-05 12:50:00,A1,2383,4734000.00,PT1H5M
HAN,2024-10-04 05:55:00,DAD,2024-10-04 07:30:00,VN,157,4764000.00,PT1H35M
DAD,2024-10-04 08:20:00,SGN,2024-10-04 09:50:00,VN,107,4764000.00,PT1H30M
HAN,2024-10-04 16:20:00,CXR,2024-10-04 18:15:00,VN,1563,4764000.00,PT1H55M
CXR,2024-10-04 20:45:00,SGN,2024-10-04 21:55:00,VN,1351,4764000.00,PT1H10M
HAN,2024-10-04 09:10:00,SGN,2024-10-04 11:20:00,VN,6593,4848000.00,PT2H10M
HAN,2024-10-04 07:00:00,SGN,2024-10-04 09:15:00,VN,207,4848000.00,PT2H15M
HAN,2024-10-04 08:00:00,SGN,2024-10-04 10:15:00,VN,245,4848000.00,PT2H15M
HAN,2024-10-04 09:00:00,SGN,2024-10-04 11:15:00,VN,209,4848000.00,PT2H15M
HAN,2024-10-04 10:00:00,SGN,2024-10-04 12:15:00,VN,247,4848000.00,PT2H15M
HAN,2024-10-04 11:00:00,SGN,2024-10-04 13:15:00,VN,211,4848000.00,PT2H15M
HAN,2024-10-04 12:00:00,SGN,2024-10-04 14:15:00,VN,251,4848000.00,PT2H15M
HAN,2024-10-04 13:00:00,SGN,2024-10-04 15:15:00,VN,213,4848000.00,PT2H15M
HAN,2024-10-04 14:00:00,SGN,2024-10-04 16:15:00,VN,253,4848000.00,PT2H15M
HAN,2024-10-04 15:00:00,SGN,2024-10-04 17:15:00,VN,215,4848000.00,PT2H15M
HAN,2024-10-04 15:30:00,SGN,2024-10-04 17:45:00,VN,249,4848000.00,PT2H15M
HAN,2024-10-04 17:00:00,SGN,2024-10-04 19:15:00,VN,217,4848000.00,PT2H15M
HAN,2024-10-04 17:30:00,SGN,2024-10-04 19:45:00,VN,257,4848000.00,PT2H15M
HAN,2024-10-04 10:00:00,PQC,2024-10-04 12:05:00,A1,2455,4868000.00,PT2H5M
PQC,2024-10-04 20:30:00,SGN,2024-10-04 21:30:00,A1,2336,4868000.00,PT1H
PQC,2024-10-05 07:05:00,SGN,2024-10-05 08:10:00,A1,2322,4868000.00,PT1H5M
HAN,2024-10-04 09:50:00,CXR,2024-10-04 11:50:00,VN,1553,5298000.00,PT2H
CXR,2024-10-04 14:00:00,SGN,2024-10-04 15:10:00,VN,1345,5298000.00,PT1H10M
HAN,2024-10-04 16:00:00,SGN,2024-10-04 18:15:00,VN,255,5383000.00,PT2H15M
HAN,2024-10-04 18:00:00,SGN,2024-10-04 20:15:00,VN,259,5383000.00,PT2H15M
HAN,2024-10-04 09:15:00,DAD,2024-10-04 10:35:00,VN,165,5456000.00,PT1H20M
HAN,2024-10-04 12:30:00,DAD,2024-10-04 13:55:00,VN,169,5566000.00,PT1H25M
DAD,2024-10-04 15:30:00,SGN,2024-10-04 17:10:00,VN,7125,5566000.00,PT1H40M
DAD,2024-10-04 15:35:00,SGN,2024-10-04 16:55:00,VN,131,6903000.00,PT1H20M
HAN,2024-10-04 08:10:00,DAD,2024-10-04 09:35:00,VN,161,7170000.00,PT1H25M
DAD,2024-10-04 10:15:00,SGN,2024-10-04 11:45:00,VN,115,7170000.00,PT1H30M
HAN,2024-10-04 15:00:00,DAD,2024-10-04 16:25:00,VN,177,7170000.00,PT1H25M
DAD,2024-10-04 17:35:00,SGN,2024-10-04 19:15:00,VN,135,7170000.00,PT1H40M
DAD,2024-10-04 11:20:00,SGN,2024-10-04 12:50:00,VN,119,7438000.00,PT1H30M
HAN,2024-10-04 21:00:00,DAD,2024-10-04 22:15:00,VJ,533,1217000.00,PT1H15M
HAN,2024-10-04 22:35:00,DAD,2024-10-04 23:50:00,VJ,519,1217000.00,PT1H15M
HAN,2024-10-04 19:10:00,DAD,2024-10-04 20:30:00,VJ,527,1217000.00,PT1H20M
HAN,2024-10-04 20:10:00,DAD,2024-10-04 21:30:00,VJ,525,1217000.00,PT1H20M
HAN,2024-10-04 20:45:00,DAD,2024-10-04 22:05:00,VJ,531,1217000.00,PT1H20M
HAN,2024-10-04 21:15:00,DAD,2024-10-04 22:35:00,VJ,1509,1217000.00,PT1H20M
HAN,2024-10-04 21:00:00,DAD,2024-10-04 22:15:00,H1,4128,1655000.00,PT1H15M
HAN,2024-10-04 22:35:00,DAD,2024-10-04 23:50:00,H1,4083,1655000.00,PT1H15M
HAN,2024-10-04 20:45:00,DAD,2024-10-04 22:05:00,H1,4020,1655000.00,PT1H20M
HAN,2024-10-04 21:15:00,DAD,2024-10-04 22:35:00,H1,4413,1655000.00,PT1H20M
HAN,2024-10-04 21:00:00,DAD,2024-10-04 22:15:00,W2,4533,1729000.00,PT1H15M
HAN,2024-10-04 22:35:00,DAD,2024-10-04 23:50:00,W2,4519,1729000.00,PT1H15M
HAN,2024-10-04 18:55:00,DAD,2024-10-04 20:15:00,W2,4509,1729000.00,PT1H20M
HAN,2024-10-04 19:10:00,DAD,2024-10-04 20:30:00,W2,4527,1729000.00,PT1H20M
HAN,2024-10-04 20:10:00,DAD,2024-10-04 21:30:00,W2,4525,1729000.00,PT1H20M
HAN,2024-10-04 20:45:00,DAD,2024-10-04 22:05:00,W2,4531,1729000.00,PT1H20M
HAN,2024-10-04 21:15:00,DAD,2024-10-04 22:35:00,A1,4509,2126000.00,PT1H20M
HAN,2024-10-04 11:35:00,VCA,2024-10-04 13:45:00,VJ,463,2634000.00,PT2H10M
VCA,2024-10-04 15:15:00,DAD,2024-10-04 16:45:00,VJ,702,2634000.00,PT1H30M
HAN,2024-10-04 06:10:00,VCA,2024-10-04 08:10:00,VJ,461,2634000.00,PT2H
SGN,2024-10-04 13:25:00,DAD,2024-10-04 14:45:00,VJ,630,2634000.00,PT1H20M
SGN,2024-10-05 05:35:00,DAD,2024-10-05 06:55:00,VJ,620,2634000.00,PT1H20M
SGN,2024-10-05 07:05:00,DAD,2024-10-05 08:25:00,VJ,1622,2634000.00,PT1H20M
HAN,2024-10-04 18:45:00,DAD,2024-10-04 20:10:00,VN,191,3244000.00,PT1H25M
HAN,2024-10-04 19:00:00,DAD,2024-10-04 20:25:00,VN,195,3244000.00,PT1H25M
SGN,2024-10-05 09:40:00,DAD,2024-10-05 11:05:00,QH,152,3456000.00,PT1H25M
SGN,2024-10-05 05:35:00,DAD,2024-10-05 06:55:00,H1,4157,3483000.00,PT1H20M
SGN,2024-10-05 07:05:00,DAD,2024-10-05 08:25:00,H1,5148,3483000.00,PT1H20M
HAN,2024-10-04 11:35:00,VCA,2024-10-04 13:45:00,W2,4463,3631000.00,PT2H10M
VCA,2024-10-04 15:15:00,DAD,2024-10-04 16:45:00,W2,4702,3631000.00,PT1H30M
HAN,2024-10-04 06:10:00,VCA,2024-10-04 08:10:00,W2,4461,3631000.00,PT2H
HAN,2024-10-04 10:10:00,SGN,2024-10-04 12:20:00,W2,4131,3631000.00,PT2H10M
SGN,2024-10-04 14:30:00,DAD,2024-10-04 15:50:00,W2,3638,3631000.00,PT1H20M
HAN,2024-10-04 16:10:00,SGN,2024-10-04 18:20:00,W2,4175,3631000.00,PT2H10M
HAN,2024-10-04 09:50:00,SGN,2024-10-04 12:00:00,W2,4169,3631000.00,PT2H10M
HAN,2024-10-04 13:20:00,SGN,2024-10-04 15:30:00,W2,4135,3631000.00,PT2H10M
HAN,2024-10-04 15:10:00,SGN,2024-10-04 17:20:00,W2,4173,3631000.00,PT2H10M
HAN,2024-10-04 07:00:00,SGN,2024-10-04 09:10:00,W2,4123,3631000.00,PT2H10M
SGN,2024-10-04 13:25:00,DAD,2024-10-04 14:45:00,W2,4630,3631000.00,PT1H20M
SGN,2024-10-05 05:35:00,DAD,2024-10-05 06:55:00,W2,4620,3631000.00,PT1H20M
HAN,2024-10-04 22:50:00,SGN,2024-10-05 01:00:00,W2,4163,3631000.00,PT2H10M
SGN,2024-10-05 07:05:00,DAD,2024-10-05 08:25:00,W2,3622,3631000.00,PT1H20M
HAN,2024-10-04 13:45:00,DAD,2024-10-04 15:10:00,VN,173,3779000.00,PT1H25M
HAN,2024-10-04 17:00:00,DAD,2024-10-04 18:25:00,VN,185,3779000.00,PT1H25M
HAN,2024-10-04 16:20:00,DAD,2024-10-04 17:45:00,VN,181,4046000.00,PT1H25M
HAN,2024-10-04 08:40:00,SGN,2024-10-04 10:50:00,A1,4127,4452000.00,PT2H10M
HAN,2024-10-04 08:05:00,SGN,2024-10-04 10:15:00,A1,4125,4452000.00,PT2H10M
HAN,2024-10-04 19:40:00,SGN,2024-10-04 21:50:00,A1,4153,4452000.00,PT2H10M
SGN,2024-10-05 07:05:00,DAD,2024-10-05 08:25:00,A1,4622,4452000.00,PT1H20M
HAN,2024-10-04 17:55:00,SGN,2024-10-04 20:10:00,A1,4149,4452000.00,PT2H15M
SGN,2024-10-04 13:25:00,DAD,2024-10-04 14:45:00,A1,2630,4700000.00,PT1H20M
HAN,2024-10-04 14:35:00,SGN,2024-10-04 16:45:00,A1,4191,4700000.00,PT2H10M
HAN,2024-10-04 11:55:00,SGN,2024-10-04 14:10:00,A1,4151,4700000.00,PT2H15M
SGN,2024-10-05 05:35:00,DAD,2024-10-05 06:55:00,A1,2620,4700000.00,PT1H20M
SGN,2024-10-04 10:30:00,DAD,2024-10-04 12:00:00,VN,122,8775000.00,PT1H30M
SGN,2024-10-05 07:45:00,HUI,2024-10-05 09:10:00,W2,4302,5239000.00,PT1H25M
HAN,2024-10-04 05:45:00,CXR,2024-10-04 07:35:00,VJ,771,1538000.00,PT1H50M
HAN,2024-10-04 06:50:00,CXR,2024-10-04 08:40:00,VJ,775,1538000.00,PT1H50M
HAN,2024-10-04 16:15:00,CXR,2024-10-04 18:05:00,W2,4787,2023000.00,PT1H50M
SGN,2024-10-05 06:40:00,CXR,2024-10-05 07:50:00,VJ,600,2634000.00,PT1H10M
HAN,2024-10-04 13:20:00,CXR,2024-10-04 15:15:00,VN,1559,3244000.00,PT1H55M
SGN,2024-10-05 06:40:00,CXR,2024-10-05 07:50:00,H1,2183,3483000.00,PT1H10M
SGN,2024-10-05 06:40:00,CXR,2024-10-05 07:50:00,W2,4600,3631000.00,PT1H10M
DAD,2024-10-04 08:55:00,HPH,2024-10-04 10:15:00,VJ,726,3730000.00,PT1H20M
SGN,2024-10-05 06:40:00,CXR,2024-10-05 08:00:00,VN,1340,4764000.00,PT1H20M
HAN,2024-10-04 05:35:00,HUI,2024-10-04 06:45:00,W2,4565,4945000.00,PT1H10M
HUI,2024-10-04 08:20:00,SGN,2024-10-04 09:45:00,W2,4301,4945000.00,PT1H25M
HUI,2024-10-04 09:45:00,SGN,2024-10-04 11:10:00,W2,4303,4945000.00,PT1H25M
HUI,2024-10-04 19:35:00,SGN,2024-10-04 21:00:00,W2,4309,4945000.00,PT1H25M
HUI,2024-10-04 21:35:00,SGN,2024-10-04 23:00:00,W2,4311,4945000.00,PT1H25M
HUI,2024-10-04 22:10:00,SGN,2024-10-04 23:35:00,W2,4313,4945000.00,PT1H25M
DAD,2024-10-04 22:25:00,SGN,2024-10-04 23:50:00,W2,4641,4945000.00,PT1H25M
DAD,2024-10-04 08:55:00,HPH,2024-10-04 10:15:00,W2,4726,5239000.00,PT1H20M
SGN,2024-10-05 05:15:00,HPH,2024-10-05 07:15:00,H1,4121,5606000.00,PT2H
HPH,2024-10-05 15:30:00,CXR,2024-10-05 17:15:00,H1,4228,5606000.00,PT1H45M
SGN,2024-10-05 07:05:00,HPH,2024-10-05 09:05:00,H1,4285,5606000.00,PT2H
SGN,2024-10-05 09:35:00,HPH,2024-10-05 11:30:00,H1,4296,5606000.00,PT1H55M
SGN,2024-10-05 05:15:00,HPH,2024-10-05 07:15:00,W2,4272,5828000.00,PT2H
SGN,2024-10-05 09:35:00,HPH,2024-10-05 11:30:00,W2,4274,5828000.00,PT1H55M
SGN,2024-10-05 07:05:00,HPH,2024-10-05 09:05:00,W2,4288,5828000.00,PT2H
HAN,2024-10-04 18:10:00,VCA,2024-10-04 20:20:00,VJ,1465,1538000.00,PT2H10M
DAD,2024-10-04 13:20:00,VCA,2024-10-04 14:50:00,VJ,703,2313000.00,PT1H30M
HAN,2024-10-04 18:10:00,VCA,2024-10-04 20:20:00,A1,4465,2446000.00,PT2H10M
HAN,2024-10-04 06:40:00,VCA,2024-10-04 08:55:00,VN,1201,3244000.00,PT2H15M
HAN,2024-10-04 11:15:00,VCA,2024-10-04 13:30:00,VN,1203,3244000.00,PT2H15M
HAN,2024-10-04 16:50:00,VCA,2024-10-04 19:05:00,VN,1207,3244000.00,PT2H15M
DAD,2024-10-04 13:20:00,VCA,2024-10-04 14:50:00,W2,4703,3337000.00,PT1H30M
DAD,2024-10-05 13:20:00,VCA,2024-10-05 14:50:00,VJ,703,3730000.00,PT1H30M
SGN,2024-10-05 05:15:00,HPH,2024-10-05 07:15:00,VJ,272,4371000.00,PT2H
HPH,2024-10-05 11:15:00,VCA,2024-10-05 13:20:00,VJ,489,4371000.00,PT2H5M
SGN,2024-10-05 07:05:00,HPH,2024-10-05 09:05:00,VJ,288,4371000.00,PT2H
DAD,2024-10-05 13:20:00,VCA,2024-10-05 14:50:00,H1,4405,5017000.00,PT1H30M
HPH,2024-10-05 11:15:00,VCA,2024-10-05 13:20:00,W2,4489,5239000.00,PT2H5M
HPH,2024-10-05 11:15:00,VCA,2024-10-05 13:20:00,H1,4541,5606000.00,PT2H5M
DAD,2024-10-04 15:30:00,VCA,2024-10-04 17:05:00,VN,1441,6903000.00,PT1H35M
SGN,2024-10-05 05:15:00,HPH,2024-10-05 07:15:00,A1,2272,7595000.00,PT2H
HPH,2024-10-05 11:15:00,VCA,2024-10-05 13:20:00,A1,2489,7595000.00,PT2H5M
SGN,2024-10-05 07:05:00,HPH,2024-10-05 09:05:00,A1,2288,7595000.00,PT2H
SGN,2024-10-05 06:10:00,HPH,2024-10-05 08:15:00,QH,1540,4070000.00,PT2H5M
SGN,2024-10-04 14:10:00,HPH,2024-10-04 16:10:00,A1,2278,5021000.00,PT2H
VCA,2024-10-05 08:35:00,HPH,2024-10-05 10:40:00,A1,2488,5021000.00,PT2H5M
SGN,2024-10-05 09:10:00,HPH,2024-10-05 11:20:00,VN,1176,6368000.00,PT2H10M
HAN,2024-10-04 06:15:00,BMV,2024-10-04 08:00:00,VJ,491,2634000.00,PT1H45M
VCA,2024-10-04 08:45:00,VII,2024-10-04 10:35:00,VJ,480,2954000.00,PT1H50M
SGN,2024-10-05 05:55:00,VII,2024-10-05 07:45:00,VJ,210,2954000.00,PT1H50M
SGN,2024-10-05 08:30:00,VII,2024-10-05 10:20:00,VJ,212,2954000.00,PT1H50M
HAN,2024-10-04 06:15:00,BMV,2024-10-04 08:00:00,W2,4491,3631000.00,PT1H45M
SGN,2024-10-05 05:55:00,VII,2024-10-05 07:45:00,H1,4009,3777000.00,PT1H50M
SGN,2024-10-05 08:50:00,VII,2024-10-05 10:40:00,H1,4112,3777000.00,PT1H50M
VCA,2024-10-04 08:45:00,VII,2024-10-04 10:35:00,W2,4480,3925000.00,PT1H50M
HAN,2024-10-04 16:30:00,SGN,2024-10-04 18:40:00,W2,4147,3925000.00,PT2H10M
SGN,2024-10-05 05:55:00,VII,2024-10-05 07:45:00,W2,4210,3925000.00,PT1H50M
SGN,2024-10-05 08:50:00,VII,2024-10-05 10:40:00,W2,4212,3925000.00,PT1H50M
SGN,2024-10-05 19:20:00,VII,2024-10-05 21:10:00,QH,1154,5231000.00,PT1H50M
SGN,2024-10-05 08:50:00,VII,2024-10-05 10:40:00,A1,2212,5269000.00,PT1H50M
UIH,2024-10-04 11:45:00,SGN,2024-10-04 12:50:00,W2,4383,5346000.00,PT1H5M
HUI,2024-10-04 21:35:00,SGN,2024-10-04 23:00:00,A1,2311,7202000.00,PT1H25M
SGN,2024-10-05 05:20:00,BMV,2024-10-05 06:20:00,VJ,356,2634000.00,PT1H
DAD,2024-10-04 12:55:00,SGN,2024-10-04 14:15:00,VJ,629,3409000.00,PT1H20M
HUI,2024-10-04 13:10:00,SGN,2024-10-04 14:35:00,VJ,305,3409000.00,PT1H25M
SGN,2024-10-05 05:20:00,BMV,2024-10-05 06:20:00,H1,4433,3483000.00,PT1H
HAN,2024-10-04 12:30:00,SGN,2024-10-04 14:40:00,W2,4133,3631000.00,PT2H10M
SGN,2024-10-05 05:20:00,BMV,2024-10-05 06:20:00,W2,4356,3631000.00,PT1H
HAN,2024-10-04 07:30:00,BMV,2024-10-04 09:20:00,VN,1603,3779000.00,PT1H50M
SGN,2024-10-05 18:15:00,BMV,2024-10-05 19:20:00,VN,1414,4764000.00,PT1H5M
HPH,2024-10-05 11:00:00,BMV,2024-10-05 12:40:00,H1,4384,5419000.00,PT1H40M
VII,2024-10-04 15:15:00,BMV,2024-10-04 16:40:00,W2,4741,5534000.00,PT1H25M
SGN,2024-10-04 18:20:00,BMV,2024-10-04 19:20:00,VN,6200,5699000.00,PT1H
VII,2024-10-05 15:15:00,BMV,2024-10-05 16:40:00,A1,2741,7309000.00,PT1H25M
HPH,2024-10-05 11:00:00,BMV,2024-10-05 12:40:00,A1,2671,7629000.00,PT1H40M
HAN,2024-10-04 12:10:00,DLI,2024-10-04 14:00:00,VN,1575,2709000.00,PT1H50M
HAN,2024-10-04 07:00:00,DLI,2024-10-04 08:50:00,VN,1573,3244000.00,PT1H50M
CXR,2024-10-05 08:35:00,SGN,2024-10-05 09:40:00,W2,4601,5239000.00,PT1H5M
SGN,2024-10-05 17:25:00,DLI,2024-10-05 18:20:00,W2,4362,5239000.00,PT55M
BMV,2024-10-05 06:45:00,SGN,2024-10-05 07:45:00,W2,4357,5239000.00,PT1H
VII,2024-10-05 11:10:00,DLI,2024-10-05 12:45:00,H1,4350,5419000.00,PT1H35M
VII,2024-10-05 11:10:00,DLI,2024-10-05 12:45:00,A1,2713,7629000.00,PT1H35M
HAN,2024-10-04 05:45:00,CXR,2024-10-04 07:35:00,A1,2771,7843000.00,PT1H50M
CXR,2024-10-04 10:30:00,HPH,2024-10-04 12:15:00,A1,2734,7843000.00,PT1H45M
SGN,2024-10-05 14:10:00,HPH,2024-10-05 16:10:00,A1,2278,7843000.00,PT2H
HPH,2024-10-06 15:35:00,DLI,2024-10-06 17:20:00,A1,2693,7843000.00,PT1H45M
DAD,2024-10-04 20:25:00,SGN,2024-10-04 21:45:00,VJ,637,1217000.00,PT1H20M
DAD,2024-10-04 20:55:00,SGN,2024-10-04 22:15:00,VJ,643,1217000.00,PT1H20M
DAD,2024-10-04 20:25:00,SGN,2024-10-04 21:45:00,H1,4544,1655000.00,PT1H20M
DAD,2024-10-04 20:55:00,SGN,2024-10-04 22:15:00,H1,4383,1655000.00,PT1H20M
DAD,2024-10-04 22:25:00,SGN,2024-10-04 23:50:00,H1,4174,1655000.00,PT1H25M
DAD,2024-10-04 20:55:00,SGN,2024-10-04 22:15:00,W2,4643,1729000.00,PT1H20M
DAD,2024-10-04 06:05:00,SGN,2024-10-04 07:45:00,VN,105,1907000.00,PT1H40M
DAD,2024-10-04 08:55:00,SGN,2024-10-04 10:15:00,A1,4623,2126000.00,PT1H20M
HPH,2024-10-04 18:45:00,SGN,2024-10-04 20:45:00,VJ,279,2634000.00,PT2H
HPH,2024-10-04 11:55:00,SGN,2024-10-04 13:55:00,VJ,273,2634000.00,PT2H
HPH,2024-10-04 20:35:00,SGN,2024-10-04 22:35:00,VJ,283,2634000.00,PT2H
HPH,2024-10-04 14:45:00,SGN,2024-10-04 16:45:00,VJ,275,2634000.00,PT2H
DAD,2024-10-04 06:20:00,HAN,2024-10-04 07:40:00,VJ,518,2634000.00,PT1H20M
DAD,2024-10-04 07:20:00,HAN,2024-10-04 08:40:00,VJ,504,2634000.00,PT1H20M
DAD,2024-10-04 08:15:00,HAN,2024-10-04 09:30:00,VJ,506,2634000.00,PT1H15M
HAN,2024-10-05 05:10:00,SGN,2024-10-05 07:20:00,VJ,199,2634000.00,PT2H10M
HAN,2024-10-05 06:00:00,SGN,2024-10-05 08:10:00,VJ,121,2634000.00,PT2H10M
DAD,2024-10-04 09:10:00,SGN,2024-10-04 10:50:00,VN,109,3244000.00,PT1H40M
DAD,2024-10-04 08:00:00,HAN,2024-10-04 09:25:00,QH,102,3456000.00,PT1H25M
HAN,2024-10-05 10:35:00,SGN,2024-10-05 12:45:00,QH,211,3456000.00,PT2H10M
HAN,2024-10-05 16:25:00,SGN,2024-10-05 18:35:00,QH,255,3456000.00,PT2H10M
DAD,2024-10-04 23:05:00,HAN,2024-10-05 00:25:00,H1,4427,3483000.00,PT1H20M
HAN,2024-10-05 05:10:00,SGN,2024-10-05 07:20:00,H1,5195,3483000.00,PT2H10M
DAD,2024-10-04 22:45:00,HAN,2024-10-05 00:01:00,H1,4195,3483000.00,PT1H16M
HAN,2024-10-05 06:00:00,SGN,2024-10-05 08:10:00,H1,4256,3483000.00,PT2H10M
DAD,2024-10-04 12:40:00,SGN,2024-10-04 14:10:00,VN,123,3511000.00,PT1H30M
DAD,2024-10-04 13:55:00,SGN,2024-10-04 15:25:00,VN,127,3511000.00,PT1H30M
DAD,2024-10-04 18:15:00,SGN,2024-10-04 19:45:00,VN,6037,3511000.00,PT1H30M
HPH,2024-10-04 18:45:00,SGN,2024-10-04 20:45:00,W2,4279,3631000.00,PT2H
HPH,2024-10-04 11:55:00,SGN,2024-10-04 13:55:00,W2,4273,3631000.00,PT2H
HPH,2024-10-04 20:35:00,SGN,2024-10-04 22:35:00,W2,4283,3631000.00,PT2H
DAD,2024-10-04 06:20:00,HAN,2024-10-04 07:40:00,W2,4518,3631000.00,PT1H20M
DAD,2024-10-04 07:20:00,HAN,2024-10-04 08:40:00,W2,4504,3631000.00,PT1H20M
DAD,2024-10-04 08:15:00,HAN,2024-10-04 09:30:00,W2,4506,3631000.00,PT1H15M
HAN,2024-10-05 05:10:00,SGN,2024-10-05 07:20:00,W2,4199,3631000.00,PT2H10M
HAN,2024-10-05 06:00:00,SGN,2024-10-05 08:10:00,W2,4121,3631000.00,PT2H10M
DAD,2024-10-04 23:05:00,HAN,2024-10-05 00:25:00,A1,4510,4700000.00,PT1H20M
HAN,2024-10-05 07:00:00,SGN,2024-10-05 09:10:00,A1,2123,4700000.00,PT2H10M
HAN,2024-10-05 07:30:00,SGN,2024-10-05 09:40:00,A1,2185,4700000.00,PT2H10M
DAD,2024-10-04 22:45:00,HAN,2024-10-05 00:01:00,A1,2534,4948000.00,PT1H16M
HAN,2024-10-05 22:25:00,SGN,2024-10-06 00:35:00,A1,2183,4948000.00,PT2H10M
DAD,2024-10-04 17:20:00,HAN,2024-10-04 18:45:00,VN,178,5510000.00,PT1H25M
DAD,2024-10-04 19:05:00,HAN,2024-10-04 20:35:00,VN,186,5566000.00,PT1H30M
DAD,2024-10-04 06:05:00,HAN,2024-10-04 07:30:00,VN,156,7438000.00,PT1H25M
DAD,2024-10-04 21:00:00,HAN,2024-10-04 22:15:00,VJ,530,1217000.00,PT1H15M
DAD,2024-10-04 21:00:00,HAN,2024-10-04 22:15:00,H1,4011,1655000.00,PT1H15M
DAD,2024-10-04 22:00:00,HAN,2024-10-04 23:20:00,H1,4208,1655000.00,PT1H20M
DAD,2024-10-04 22:35:00,HAN,2024-10-04 23:55:00,H1,4034,1655000.00,PT1H20M
DAD,2024-10-04 20:40:00,HAN,2024-10-04 22:05:00,H1,4129,1655000.00,PT1H25M
DAD,2024-10-04 08:15:00,HAN,2024-10-04 09:30:00,A1,2506,2374000.00,PT1H15M
DAD,2024-10-04 06:20:00,HAN,2024-10-04 07:40:00,A1,2518,2374000.00,PT1H20M
SGN,2024-10-05 05:00:00,HAN,2024-10-05 07:10:00,VJ,182,2634000.00,PT2H10M
SGN,2024-10-05 05:25:00,HAN,2024-10-05 07:35:00,VJ,198,2634000.00,PT2H10M
VCA,2024-10-04 20:45:00,HAN,2024-10-04 22:55:00,VJ,1466,2634000.00,PT2H10M
SGN,2024-10-05 07:45:00,HAN,2024-10-05 09:55:00,QH,204,3456000.00,PT2H10M
SGN,2024-10-05 13:35:00,HAN,2024-10-05 15:45:00,QH,242,3456000.00,PT2H10M
SGN,2024-10-05 05:00:00,HAN,2024-10-05 07:10:00,H1,4445,3483000.00,PT2H10M
SGN,2024-10-05 05:25:00,HAN,2024-10-05 07:35:00,H1,5194,3483000.00,PT2H10M
SGN,2024-10-04 16:50:00,HAN,2024-10-04 19:00:00,W2,3150,3631000.00,PT2H10M
SGN,2024-10-04 14:40:00,HAN,2024-10-04 16:50:00,W2,3140,3631000.00,PT2H10M
SGN,2024-10-05 05:25:00,HAN,2024-10-05 07:35:00,W2,4198,3631000.00,PT2H10M
SGN,2024-10-05 06:00:00,HAN,2024-10-05 08:10:00,W2,4120,3631000.00,PT2H10M
SGN,2024-10-05 05:00:00,HAN,2024-10-05 07:10:00,W2,4182,3631000.00,PT2H10M
DAD,2024-10-04 13:20:00,VCA,2024-10-04 14:50:00,A1,2703,4700000.00,PT1H30M
VCA,2024-10-04 20:45:00,HAN,2024-10-04 22:55:00,A1,4466,4700000.00,PT2H10M
VCA,2024-10-05 13:55:00,HAN,2024-10-05 16:05:00,A1,4468,4700000.00,PT2H10M
SGN,2024-10-04 19:40:00,HAN,2024-10-04 21:50:00,A1,2156,4948000.00,PT2H10M
SGN,2024-10-05 05:00:00,HAN,2024-10-05 07:10:00,A1,2182,4948000.00,PT2H10M
SGN,2024-10-05 07:00:00,HAN,2024-10-05 09:10:00,A1,2122,4948000.00,PT2H10M
SGN,2024-10-05 05:55:00,HUI,2024-10-05 07:20:00,VJ,318,2313000.00,PT1H25M
SGN,2024-10-05 06:30:00,HUI,2024-10-05 07:55:00,VJ,300,2313000.00,PT1H25M
SGN,2024-10-05 05:55:00,HUI,2024-10-05 07:20:00,H1,4291,3189000.00,PT1H25M
SGN,2024-10-05 06:30:00,HUI,2024-10-05 07:55:00,H1,5197,3189000.00,PT1H25M
SGN,2024-10-04 19:25:00,HUI,2024-10-04 20:50:00,W2,4310,3337000.00,PT1H25M
SGN,2024-10-05 06:30:00,HUI,2024-10-05 07:55:00,W2,4300,3337000.00,PT1H25M
SGN,2024-10-05 11:10:00,HUI,2024-10-05 12:35:00,W2,4304,3337000.00,PT1H25M
SGN,2024-10-05 05:55:00,HUI,2024-10-05 07:20:00,A1,2318,4379000.00,PT1H25M
SGN,2024-10-05 06:30:00,HUI,2024-10-05 07:55:00,A1,2300,4379000.00,PT1H25M
HAN,2024-10-05 08:05:00,HUI,2024-10-05 09:10:00,VN,1541,4496000.00,PT1H5M
SGN,2024-10-05 05:50:00,HUI,2024-10-05 07:05:00,VN,1368,4521000.00,PT1H15M
SGN,2024-10-05 11:55:00,CXR,2024-10-05 13:05:00,VJ,602,2313000.00,PT1H10M
SGN,2024-10-05 13:40:00,CXR,2024-10-05 14:50:00,H1,2156,3189000.00,PT1H10M
HAN,2024-10-05 09:50:00,CXR,2024-10-05 11:50:00,VN,1553,4764000.00,PT2H
HAN,2024-10-05 06:10:00,VCA,2024-10-05 08:10:00,VJ,461,2634000.00,PT2H
HAN,2024-10-05 06:10:00,VCA,2024-10-05 08:10:00,H1,4331,3483000.00,PT2H
HAN,2024-10-04 18:10:00,VCA,2024-10-04 20:20:00,W2,3465,3631000.00,PT2H10M
HAN,2024-10-05 06:10:00,VCA,2024-10-05 08:10:00,W2,4461,3631000.00,PT2H
HAN,2024-10-05 11:35:00,VCA,2024-10-05 13:45:00,H1,4238,5312000.00,PT2H10M
SGN,2024-10-04 22:15:00,HAN,2024-10-05 00:25:00,A1,2184,7275000.00,PT2H10M
DAD,2024-10-04 08:55:00,HPH,2024-10-04 10:15:00,A1,2726,2374000.00,PT1H20M
HAN,2024-10-05 07:30:00,SGN,2024-10-05 09:40:00,H1,4062,5312000.00,PT2H10M
SGN,2024-10-05 12:10:00,HPH,2024-10-05 14:10:00,H1,4298,5312000.00,PT2H
HAN,2024-10-05 07:00:00,SGN,2024-10-05 09:10:00,H1,4257,5312000.00,PT2H10M
SGN,2024-10-05 12:10:00,HPH,2024-10-05 14:10:00,W2,4276,5534000.00,PT2H
HAN,2024-10-05 07:00:00,SGN,2024-10-05 09:10:00,W2,4123,5534000.00,PT2H10M
HAN,2024-10-05 07:30:00,SGN,2024-10-05 09:40:00,W2,4185,5534000.00,PT2H10M
SGN,2024-10-05 10:20:00,VII,2024-10-05 12:10:00,VJ,214,4051000.00,PT1H50M
SGN,2024-10-05 10:20:00,VII,2024-10-05 12:10:00,H1,4049,5312000.00,PT1H50M
SGN,2024-10-05 10:20:00,VII,2024-10-05 12:10:00,W2,4214,5534000.00,PT1H50M
HAN,2024-10-05 15:40:00,BMV,2024-10-05 17:25:00,VJ,493,4051000.00,PT1H45M
HAN,2024-10-05 07:30:00,BMV,2024-10-05 09:20:00,VN,1603,5298000.00,PT1H50M
HAN,2024-10-05 15:40:00,BMV,2024-10-05 17:25:00,H1,2170,5312000.00,PT1H45M
HAN,2024-10-05 10:20:00,DLI,2024-10-05 12:10:00,VJ,401,2634000.00,PT1H50M
HAN,2024-10-05 10:20:00,DLI,2024-10-05 12:10:00,W2,4401,3631000.00,PT1H50M
SGN,2024-10-05 10:55:00,DLI,2024-10-05 11:55:00,VN,1382,4119000.00,PT1H
HAN,2024-10-05 18:05:00,DLI,2024-10-05 19:55:00,A1,2407,4700000.00,PT1H50M
HAN,2024-10-05 18:40:00,DLI,2024-10-05 20:30:00,A1,2409,4700000.00,PT1H50M
HAN,2024-10-05 07:00:00,DLI,2024-10-05 08:50:00,VN,1573,5298000.00,PT1H50M
HAN,2024-10-05 10:20:00,DLI,2024-10-05 12:10:00,H1,4536,5312000.00,PT1H50M
HUI,2024-10-04 17:35:00,SGN,2024-10-04 19:00:00,VJ,307,1217000.00,PT1H25M
HUI,2024-10-04 22:10:00,SGN,2024-10-04 23:35:00,VJ,313,1217000.00,PT1H25M
HUI,2024-10-04 21:35:00,SGN,2024-10-04 23:00:00,H1,4015,1655000.00,PT1H25M
HUI,2024-10-04 22:10:00,SGN,2024-10-04 23:35:00,H1,2167,1655000.00,PT1H25M
HUI,2024-10-04 17:35:00,SGN,2024-10-04 19:00:00,W2,4307,1729000.00,PT1H25M
HUI,2024-10-04 07:45:00,SGN,2024-10-04 09:15:00,VN,1369,1774000.00,PT1H30M
HUI,2024-10-04 13:40:00,SGN,2024-10-04 15:10:00,VN,1373,1774000.00,PT1H30M
HUI,2024-10-04 17:55:00,SGN,2024-10-04 19:25:00,VN,1375,1774000.00,PT1H30M
HUI,2024-10-04 21:25:00,SGN,2024-10-04 23:05:00,VN,1377,1774000.00,PT1H40M
HUI,2024-10-04 07:10:00,HAN,2024-10-04 08:25:00,VJ,564,2634000.00,PT1H15M
HAN,2024-10-04 11:25:00,PXU,2024-10-04 13:00:00,VJ,421,3516000.00,PT1H35M
HUI,2024-10-04 07:10:00,HAN,2024-10-04 08:25:00,W2,4564,3631000.00,PT1H15M
DAD,2024-10-05 07:25:00,SGN,2024-10-05 08:45:00,W2,4621,4945000.00,PT1H20M
DAD,2024-10-05 08:55:00,SGN,2024-10-05 10:15:00,W2,3623,4945000.00,PT1H20M
HAN,2024-10-04 11:25:00,PXU,2024-10-04 13:00:00,W2,4421,5052000.00,PT1H35M
HAN,2024-10-04 13:45:00,UIH,2024-10-04 15:20:00,W2,4431,5052000.00,PT1H35M
UIH,2024-10-04 18:50:00,SGN,2024-10-04 19:55:00,W2,4385,5052000.00,PT1H5M
HUI,2024-10-04 19:20:00,HAN,2024-10-04 20:35:00,A1,2562,2374000.00,PT1H15M
CXR,2024-10-04 17:00:00,HAN,2024-10-04 18:50:00,VJ,1778,3730000.00,PT1H50M
HUI,2024-10-04 08:20:00,SGN,2024-10-04 09:45:00,A1,2301,4948000.00,PT1H25M
SGN,2024-10-04 12:10:00,HAN,2024-10-04 14:20:00,A1,2172,4948000.00,PT2H10M
SGN,2024-10-05 06:00:00,DAD,2024-10-05 07:30:00,VN,106,4362000.00,PT1H30M
HAN,2024-10-05 05:55:00,DAD,2024-10-05 07:30:00,VN,157,4362000.00,PT1H35M
SGN,2024-10-05 07:00:00,DAD,2024-10-05 08:20:00,VN,110,4898000.00,PT1H20M
HAN,2024-10-05 08:10:00,DAD,2024-10-05 09:35:00,VN,161,5432000.00,PT1H25M
SGN,2024-10-05 12:15:00,CXR,2024-10-05 13:20:00,VN,1344,3293000.00,PT1H5M
HAN,2024-10-05 13:20:00,CXR,2024-10-05 15:15:00,VN,1559,4630000.00,PT1H55M
HAN,2024-10-05 14:55:00,CXR,2024-10-05 16:30:00,H1,5157,5312000.00,PT1H35M
HAN,2024-10-05 14:55:00,CXR,2024-10-05 16:30:00,W2,3781,5534000.00,PT1H35M
HAN,2024-10-05 11:35:00,VCA,2024-10-05 13:45:00,VJ,463,2634000.00,PT2H10M
HAN,2024-10-05 06:40:00,VCA,2024-10-05 08:55:00,VN,1201,4898000.00,PT2H15M
HAN,2024-10-05 11:15:00,VCA,2024-10-05 13:30:00,VN,1203,5165000.00,PT2H15M
HAN,2024-10-04 22:25:00,SGN,2024-10-05 00:35:00,W2,4183,5534000.00,PT2H10M
HAN,2024-10-05 17:00:00,VII,2024-10-05 17:50:00,VN,1717,3561000.00,PT50M
SGN,2024-10-05 07:05:00,VII,2024-10-05 08:55:00,VN,1262,4362000.00,PT1H50M
HAN,2024-10-05 15:40:00,BMV,2024-10-05 17:25:00,W2,4493,3631000.00,PT1H45M
HAN,2024-10-05 16:05:00,DLI,2024-10-05 17:55:00,VJ,405,2634000.00,PT1H50M
HAN,2024-10-05 16:05:00,DLI,2024-10-05 17:55:00,W2,4405,3631000.00,PT1H50M
HAN,2024-10-05 12:10:00,DLI,2024-10-05 14:00:00,VN,1575,4630000.00,PT1H50M
CXR,2024-10-04 15:20:00,SGN,2024-10-04 16:20:00,VJ,605,1217000.00,PT1H
CXR,2024-10-04 08:35:00,SGN,2024-10-04 09:40:00,VJ,601,1217000.00,PT1H5M
CXR,2024-10-04 08:40:00,SGN,2024-10-04 10:00:00,VN,1341,1640000.00,PT1H20M
CXR,2024-10-04 08:35:00,SGN,2024-10-04 09:40:00,W2,4601,1729000.00,PT1H5M
CXR,2024-10-04 08:00:00,HAN,2024-10-04 09:50:00,VJ,770,2954000.00,PT1H50M
CXR,2024-10-04 09:05:00,HAN,2024-10-04 10:55:00,VJ,776,2954000.00,PT1H50M
CXR,2024-10-04 08:00:00,HAN,2024-10-04 09:50:00,VJ,784,2954000.00,PT1H50M
HPH,2024-10-04 16:50:00,SGN,2024-10-04 18:50:00,VJ,277,2954000.00,PT2H
CXR,2024-10-04 17:00:00,HAN,2024-10-04 18:50:00,W2,3778,3925000.00,PT1H50M
CXR,2024-10-04 08:00:00,HAN,2024-10-04 09:50:00,W2,4770,3925000.00,PT1H50M
CXR,2024-10-04 09:05:00,HAN,2024-10-04 10:55:00,W2,4776,3925000.00,PT1H50M
HPH,2024-10-04 14:45:00,SGN,2024-10-04 16:45:00,W2,4275,3925000.00,PT2H
HPH,2024-10-04 16:50:00,SGN,2024-10-04 18:50:00,W2,4277,3925000.00,PT2H
CXR,2024-10-04 17:00:00,HAN,2024-10-04 18:50:00,A1,4778,5021000.00,PT1H50M
CXR,2024-10-04 08:00:00,HAN,2024-10-04 09:50:00,A1,2770,2694000.00,PT1H50M
CXR,2024-10-04 18:35:00,HAN,2024-10-04 20:25:00,A1,2788,2694000.00,PT1H50M
CXR,2024-10-04 15:55:00,HAN,2024-10-04 17:55:00,VN,1558,2709000.00,PT2H
CXR,2024-10-04 18:55:00,HAN,2024-10-04 21:00:00,VN,1562,2709000.00,PT2H5M
SGN,2024-10-05 07:30:00,PQC,2024-10-05 08:30:00,VJ,323,3730000.00,PT1H
PQC,2024-10-05 12:35:00,HAN,2024-10-05 14:40:00,VJ,456,3730000.00,PT2H5M
HPH,2024-10-04 17:35:00,DAD,2024-10-04 18:50:00,VJ,723,3730000.00,PT1H15M
SGN,2024-10-04 18:30:00,PQC,2024-10-04 19:30:00,W2,4337,5239000.00,PT1H
PQC,2024-10-05 09:05:00,HAN,2024-10-05 11:05:00,W2,4452,5239000.00,PT2H
SGN,2024-10-05 07:30:00,PQC,2024-10-05 08:30:00,W2,4323,5239000.00,PT1H
PQC,2024-10-05 12:35:00,HAN,2024-10-05 14:40:00,W2,4456,5239000.00,PT2H5M
HPH,2024-10-04 17:35:00,DAD,2024-10-04 18:50:00,W2,4723,5239000.00,PT1H15M
DAD,2024-10-04 21:00:00,HAN,2024-10-04 22:15:00,W2,4530,5239000.00,PT1H15M
BMV,2024-10-05 08:25:00,HAN,2024-10-05 10:10:00,W2,4492,5239000.00,PT1H45M
HPH,2024-10-05 10:50:00,DAD,2024-10-05 12:05:00,VJ,725,2634000.00,PT1H15M
HAN,2024-10-05 06:05:00,DAD,2024-10-05 07:30:00,QH,101,3269000.00,PT1H25M
HAN,2024-10-05 10:05:00,DAD,2024-10-05 11:30:00,QH,103,3269000.00,PT1H25M
HAN,2024-10-04 21:15:00,DAD,2024-10-04 22:35:00,W2,3509,3631000.00,PT1H20M
CXR,2024-10-04 08:00:00,HAN,2024-10-04 09:50:00,W2,4784,3631000.00,PT1H50M
HAN,2024-10-05 10:15:00,DAD,2024-10-05 11:35:00,W2,4505,3631000.00,PT1H20M
CXR,2024-10-04 08:00:00,HAN,2024-10-04 09:50:00,A1,2784,4948000.00,PT1H50M
HAN,2024-10-04 19:10:00,DAD,2024-10-04 20:30:00,A1,2527,4948000.00,PT1H20M
HAN,2024-10-05 06:25:00,DAD,2024-10-05 07:45:00,A1,2503,4948000.00,PT1H20M
HPH,2024-10-05 10:50:00,DAD,2024-10-05 12:05:00,A1,2725,4948000.00,PT1H15M
SGN,2024-10-04 20:10:00,DAD,2024-10-04 21:35:00,VN,146,5031000.00,PT1H25M
HAN,2024-10-05 11:40:00,HUI,2024-10-05 12:55:00,VJ,567,2634000.00,PT1H15M
SGN,2024-10-05 11:25:00,HUI,2024-10-05 12:55:00,VN,1372,3961000.00,PT1H30M
SGN,2024-10-05 12:35:00,HPH,2024-10-05 14:35:00,VN,6440,4229000.00,PT2H
SGN,2024-10-05 11:20:00,VII,2024-10-05 13:05:00,VN,1264,4229000.00,PT1H45M
HPH,2024-10-04 16:50:00,SGN,2024-10-04 18:50:00,A1,2277,7843000.00,PT2H
VII,2024-10-04 13:05:00,SGN,2024-10-04 14:55:00,VJ,215,2954000.00,PT1H50M
VII,2024-10-04 17:50:00,SGN,2024-10-04 19:40:00,VJ,217,2954000.00,PT1H50M
VCA,2024-10-04 14:10:00,HAN,2024-10-04 16:20:00,VJ,462,2954000.00,PT2H10M
VCA,2024-10-04 13:35:00,HAN,2024-10-04 15:45:00,VJ,1468,2954000.00,PT2H10M
VCA,2024-10-04 20:45:00,HAN,2024-10-04 22:55:00,H1,4378,3777000.00,PT2H10M
VII,2024-10-04 13:05:00,SGN,2024-10-04 14:55:00,W2,4215,3925000.00,PT1H50M
VII,2024-10-04 17:50:00,SGN,2024-10-04 19:40:00,W2,4217,3925000.00,PT1H50M
VCA,2024-10-04 14:10:00,HAN,2024-10-04 16:20:00,W2,4462,3925000.00,PT2H10M
VCA,2024-10-04 13:35:00,HAN,2024-10-04 15:45:00,W2,3468,3925000.00,PT2H10M
VCA,2024-10-04 20:45:00,HAN,2024-10-04 22:55:00,W2,3466,3925000.00,PT2H10M
VCA,2024-10-04 15:15:00,DAD,2024-10-04 16:45:00,A1,2702,4627000.00,PT1H30M
VCA,2024-10-04 08:45:00,VII,2024-10-04 10:35:00,A1,2480,5269000.00,PT1H50M
VII,2024-10-04 19:00:00,SGN,2024-10-04 20:50:00,A1,2221,5269000.00,PT1H50M
VCA,2024-10-04 17:45:00,DAD,2024-10-04 19:10:00,VN,1440,6235000.00,PT1H25M
DAD,2024-10-05 06:05:00,SGN,2024-10-05 07:45:00,VN,105,6235000.00,PT1H40M
DAD,2024-10-05 08:20:00,SGN,2024-10-05 09:50:00,VN,107,6235000.00,PT1H30M
VCA,2024-10-04 19:50:00,HAN,2024-10-04 22:05:00,VN,1206,6903000.00,PT2H15M
HAN,2024-10-05 06:00:00,SGN,2024-10-05 08:15:00,VN,243,6903000.00,PT2H15M
VCA,2024-10-04 10:00:00,HAN,2024-10-04 12:15:00,VN,1200,7170000.00,PT2H15M
HAN,2024-10-05 05:00:00,SGN,2024-10-05 07:15:00,VN,205,7170000.00,PT2H15M
VCA,2024-10-04 14:10:00,HAN,2024-10-04 16:20:00,VN,1202,7973000.00,PT2H10M
VII,2024-10-04 15:15:00,BMV,2024-10-04 16:40:00,VJ,741,4051000.00,PT1H25M
BMV,2024-10-04 17:50:00,HAN,2024-10-04 19:35:00,VJ,494,4051000.00,PT1H45M
BMV,2024-10-05 08:25:00,HAN,2024-10-05 10:10:00,VJ,492,4051000.00,PT1H45M
DLI,2024-10-04 18:30:00,HAN,2024-10-04 20:15:00,VJ,406,4158000.00,PT1H45M
DLI,2024-10-04 20:20:00,HAN,2024-10-04 22:10:00,VJ,408,4158000.00,PT1H50M
DAD,2024-10-05 06:05:00,HAN,2024-10-05 07:30:00,VN,156,5432000.00,PT1H25M
BMV,2024-10-04 17:50:00,HAN,2024-10-04 19:35:00,W2,4494,5534000.00,PT1H45M
DLI,2024-10-04 18:30:00,HAN,2024-10-04 20:15:00,W2,4406,5641000.00,PT1H45M
DLI,2024-10-05 12:35:00,HAN,2024-10-05 14:25:00,W2,4402,5641000.00,PT1H50M
DLI,2024-10-04 20:20:00,HAN,2024-10-04 22:10:00,A1,2408,7629000.00,PT1H50M
DLI,2024-10-04 20:55:00,HAN,2024-10-04 22:40:00,A1,2410,7629000.00,PT1H45M
HAN,2024-10-05 06:25:00,DAD,2024-10-05 07:45:00,VJ,503,2634000.00,PT1H20M
HAN,2024-10-05 06:25:00,DAD,2024-10-05 07:45:00,H1,4341,3483000.00,PT1H20M
VCA,2024-10-04 13:35:00,HAN,2024-10-04 15:45:00,A1,4468,4700000.00,PT2H10M
HAN,2024-10-05 18:55:00,DAD,2024-10-05 20:15:00,A1,2509,4700000.00,PT1H20M
SGN,2024-10-05 11:05:00,DAD,2024-10-05 12:25:00,H1,4382,5312000.00,PT1H20M
SGN,2024-10-05 11:05:00,DAD,2024-10-05 12:25:00,W2,4628,5534000.00,PT1H20M
HAN,2024-10-05 08:10:00,SGN,2024-10-05 10:25:00,A1,4125,7027000.00,PT2H15M
SGN,2024-10-05 13:25:00,DAD,2024-10-05 14:45:00,A1,2630,7027000.00,PT1H20M
HAN,2024-10-05 08:40:00,SGN,2024-10-05 10:50:00,A1,4127,7027000.00,PT2H10M
HAN,2024-10-05 11:10:00,HUI,2024-10-05 12:25:00,H1,4071,3483000.00,PT1H15M
SGN,2024-10-05 11:10:00,HUI,2024-10-05 12:35:00,H1,4309,5312000.00,PT1H25M
HAN,2024-10-05 16:35:00,HUI,2024-10-05 17:50:00,VN,1545,6635000.00,PT1H15M
SGN,2024-10-05 19:25:00,HUI,2024-10-05 20:50:00,A1,2310,7027000.00,PT1H25M
HAN,2024-10-05 14:35:00,SGN,2024-10-05 16:45:00,A1,4191,7027000.00,PT2H10M
HAN,2024-10-05 10:10:00,SGN,2024-10-05 12:20:00,A1,2131,7275000.00,PT2H10M
HAN,2024-10-05 12:10:00,SGN,2024-10-05 14:20:00,A1,2133,7275000.00,PT2H10M
HAN,2024-10-05 13:20:00,SGN,2024-10-05 15:30:00,A1,2135,7275000.00,PT2H10M
HAN,2024-10-05 15:10:00,SGN,2024-10-05 17:20:00,A1,2173,7275000.00,PT2H10M
HAN,2024-10-05 07:00:00,SGN,2024-10-05 09:10:00,VJ,123,4051000.00,PT2H10M
HAN,2024-10-05 07:30:00,SGN,2024-10-05 09:40:00,VJ,185,4051000.00,PT2H10M
VII,2024-10-04 22:15:00,SGN,2024-10-05 00:05:00,VJ,219,4051000.00,PT1H50M
VII,2024-10-04 19:00:00,SGN,2024-10-04 20:50:00,VJ,221,4051000.00,PT1H50M
HAN,2024-10-05 08:10:00,SGN,2024-10-05 10:25:00,H1,5135,5312000.00,PT2H15M
HAN,2024-10-05 08:40:00,SGN,2024-10-05 10:50:00,H1,5136,5312000.00,PT2H10M
HAN,2024-10-05 08:10:00,SGN,2024-10-05 10:25:00,W2,3125,5534000.00,PT2H15M
SGN,2024-10-05 13:40:00,CXR,2024-10-05 14:50:00,W2,4604,5534000.00,PT1H10M
HAN,2024-10-05 08:40:00,SGN,2024-10-05 10:50:00,W2,3127,5534000.00,PT2H10M
HAN,2024-10-05 09:05:00,SGN,2024-10-05 11:15:00,W2,4129,5534000.00,PT2H10M
VII,2024-10-04 22:15:00,SGN,2024-10-05 00:05:00,W2,4219,5534000.00,PT1H50M
VII,2024-10-04 19:00:00,SGN,2024-10-04 20:50:00,W2,4221,5534000.00,PT1H50M
DAD,2024-10-05 15:55:00,HPH,2024-10-05 17:10:00,VJ,724,2313000.00,PT1H15M
DAD,2024-10-05 15:55:00,HPH,2024-10-05 17:10:00,W2,4724,3337000.00,PT1H15M
SGN,2024-10-05 09:35:00,HPH,2024-10-05 11:30:00,VJ,274,4371000.00,PT1H55M
VII,2024-10-04 15:15:00,BMV,2024-10-04 16:40:00,A1,2741,4948000.00,PT1H25M
HAN,2024-10-06 07:30:00,BMV,2024-10-06 09:20:00,VN,1603,8022000.00,PT1H50M
DAD,2024-10-05 13:55:00,SGN,2024-10-05 15:25:00,VN,127,8289000.00,PT1H30M
DAD,2024-10-05 15:30:00,SGN,2024-10-05 17:10:00,VN,7125,8289000.00,PT1H40M
DAD,2024-10-05 08:10:00,HAN,2024-10-05 09:35:00,VN,158,8289000.00,PT1H25M
HAN,2024-10-05 14:30:00,SGN,2024-10-05 16:50:00,VN,7221,8423000.00,PT2H20M
DAD,2024-10-05 09:10:00,SGN,2024-10-05 10:50:00,VN,109,8556000.00,PT1H40M
DAD,2024-10-05 10:15:00,SGN,2024-10-05 11:45:00,VN,115,8556000.00,PT1H30M
DAD,2024-10-05 12:40:00,SGN,2024-10-05 14:10:00,VN,123,8556000.00,PT1H30M
HAN,2024-10-05 07:00:00,SGN,2024-10-05 09:15:00,VN,207,8690000.00,PT2H15M
HAN,2024-10-05 09:00:00,SGN,2024-10-05 11:15:00,VN,209,8690000.00,PT2H15M
HAN,2024-10-05 11:00:00,SGN,2024-10-05 13:15:00,VN,211,8690000.00,PT2H15M
HAN,2024-10-05 13:00:00,SGN,2024-10-05 15:15:00,VN,213,8690000.00,PT2H15M
HAN,2024-10-05 15:00:00,SGN,2024-10-05 17:15:00,VN,215,8690000.00,PT2H15M
HAN,2024-10-05 08:00:00,SGN,2024-10-05 10:15:00,VN,245,8690000.00,PT2H15M
HAN,2024-10-05 10:00:00,SGN,2024-10-05 12:15:00,VN,247,8690000.00,PT2H15M
HAN,2024-10-05 12:00:00,SGN,2024-10-05 14:15:00,VN,251,8690000.00,PT2H15M
HAN,2024-10-05 14:00:00,SGN,2024-10-05 16:15:00,VN,253,8690000.00,PT2H15M
HAN,2024-10-05 09:10:00,SGN,2024-10-05 11:20:00,VN,6593,8690000.00,PT2H10M
DAD,2024-10-05 11:20:00,SGN,2024-10-05 12:50:00,VN,119,8823000.00,PT1H30M
DAD,2024-10-05 15:35:00,SGN,2024-10-05 16:55:00,VN,131,8823000.00,PT1H20M
DAD,2024-10-05 06:20:00,HAN,2024-10-05 07:40:00,VJ,518,3730000.00,PT1H20M
HAN,2024-10-05 16:05:00,DLI,2024-10-05 17:55:00,H1,4449,3777000.00,PT1H50M
SGN,2024-10-05 17:25:00,DLI,2024-10-05 18:20:00,VJ,362,4051000.00,PT55M
HAN,2024-10-05 09:05:00,SGN,2024-10-05 11:15:00,VJ,129,4051000.00,PT2H10M
HAN,2024-10-05 10:10:00,SGN,2024-10-05 12:20:00,VJ,131,4051000.00,PT2H10M
HAN,2024-10-05 12:10:00,SGN,2024-10-05 14:20:00,VJ,133,4051000.00,PT2H10M
HAN,2024-10-05 10:40:00,SGN,2024-10-05 12:50:00,VJ,139,4051000.00,PT2H10M
SGN,2024-10-05 17:25:00,DLI,2024-10-05 18:20:00,H1,4117,5312000.00,PT55M
HPH,2024-10-04 07:40:00,SGN,2024-10-04 09:40:00,VJ,271,1538000.00,PT2H
HPH,2024-10-04 20:35:00,SGN,2024-10-04 22:35:00,H1,4302,1949000.00,PT2H
HPH,2024-10-04 08:45:00,SGN,2024-10-04 10:50:00,QH,1547,2109000.00,PT2H5M
HPH,2024-10-04 10:50:00,DAD,2024-10-04 12:05:00,VJ,725,2313000.00,PT1H15M
HPH,2024-10-04 10:30:00,PQC,2024-10-04 12:35:00,VJ,767,2634000.00,PT2H5M
CXR,2024-10-05 08:35:00,SGN,2024-10-05 09:40:00,VJ,601,2634000.00,PT1H5M
HPH,2024-10-04 07:40:00,SGN,2024-10-04 09:40:00,A1,2271,2694000.00,PT2H
HPH,2024-10-04 15:20:00,SGN,2024-10-04 17:30:00,VN,6441,2709000.00,PT2H10M
HPH,2024-10-04 06:25:00,SGN,2024-10-04 08:40:00,VN,1171,2709000.00,PT2H15M
HPH,2024-10-04 12:00:00,SGN,2024-10-04 14:15:00,VN,1177,2709000.00,PT2H15M
HPH,2024-10-04 20:50:00,SGN,2024-10-04 23:05:00,VN,1187,2709000.00,PT2H15M
HPH,2024-10-04 10:50:00,DAD,2024-10-04 12:05:00,W2,4725,3337000.00,PT1H15M
HPH,2024-10-04 10:30:00,PQC,2024-10-04 12:35:00,W2,4767,3631000.00,PT2H5M
PQC,2024-10-05 08:55:00,SGN,2024-10-05 10:00:00,W2,4324,3631000.00,PT1H5M
HPH,2024-10-04 10:50:00,DAD,2024-10-04 12:05:00,A1,2725,4379000.00,PT1H15M
HPH,2024-10-04 10:30:00,PQC,2024-10-04 12:35:00,A1,2767,4868000.00,PT2H5M
VII,2024-10-05 17:50:00,SGN,2024-10-05 19:40:00,W2,4217,5641000.00,PT1H50M
DLI,2024-10-04 20:20:00,HAN,2024-10-04 22:10:00,W2,4408,5828000.00,PT1H50M
HPH,2024-10-04 07:40:00,SGN,2024-10-04 09:40:00,W2,4271,3925000.00,PT2H
CXR,2024-10-05 09:05:00,HAN,2024-10-05 10:55:00,W2,4776,3925000.00,PT1H50M
HPH,2024-10-04 12:40:00,CXR,2024-10-04 14:25:00,A1,2733,5021000.00,PT1H45M
SGN,2024-10-05 05:00:00,HAN,2024-10-05 07:05:00,VN,204,6368000.00,PT2H5M
SGN,2024-10-05 06:00:00,HAN,2024-10-05 08:15:00,VN,206,6635000.00,PT2H15M
HAN,2024-10-05 10:15:00,DAD,2024-10-05 11:35:00,H1,4022,5312000.00,PT1H20M
HAN,2024-10-05 06:25:00,DAD,2024-10-05 07:45:00,W2,4503,5534000.00,PT1H20M
HAN,2024-10-05 14:55:00,CXR,2024-10-05 16:30:00,VJ,1781,4371000.00,PT1H35M
VII,2024-10-04 08:25:00,SGN,2024-10-04 10:15:00,VJ,213,1538000.00,PT1H50M
VII,2024-10-04 22:15:00,SGN,2024-10-05 00:05:00,H1,4141,1949000.00,PT1H50M
VII,2024-10-04 08:25:00,SGN,2024-10-04 10:15:00,W2,4213,2023000.00,PT1H50M
VII,2024-10-04 21:40:00,SGN,2024-10-04 23:30:00,QH,1155,2109000.00,PT1H50M
BMV,2024-10-05 06:45:00,SGN,2024-10-05 07:45:00,VJ,357,2313000.00,PT1H
VII,2024-10-04 13:45:00,SGN,2024-10-04 15:35:00,VN,1265,2709000.00,PT1H50M
VII,2024-10-04 16:30:00,SGN,2024-10-04 18:20:00,VN,1267,2709000.00,PT1H50M
VII,2024-10-04 21:55:00,SGN,2024-10-04 23:45:00,VN,1269,2709000.00,PT1H50M
VII,2024-10-04 11:10:00,VCA,2024-10-04 13:00:00,VJ,481,3730000.00,PT1H50M
HPH,2024-10-05 07:40:00,SGN,2024-10-05 09:40:00,VJ,271,4158000.00,PT2H
VII,2024-10-04 11:10:00,VCA,2024-10-04 13:00:00,W2,4481,5239000.00,PT1H50M
VII,2024-10-04 18:30:00,HAN,2024-10-04 19:25:00,VN,1718,5298000.00,PT55M
HPH,2024-10-05 18:45:00,SGN,2024-10-05 20:45:00,W2,4279,5346000.00,PT2H
HPH,2024-10-05 11:55:00,SGN,2024-10-05 13:55:00,W2,4273,5641000.00,PT2H
VCA,2024-10-05 08:35:00,HPH,2024-10-05 10:40:00,W2,4488,5828000.00,PT2H5M
HPH,2024-10-05 14:45:00,SGN,2024-10-05 16:45:00,W2,4275,5828000.00,PT2H
VII,2024-10-04 09:00:00,HAN,2024-10-04 09:55:00,VN,1716,6016000.00,PT55M
HAN,2024-10-04 10:55:00,UIH,2024-10-04 12:35:00,VN,1623,6016000.00,PT1H40M
UIH,2024-10-04 17:20:00,SGN,2024-10-04 18:45:00,VN,1395,6016000.00,PT1H25M
DLI,2024-10-04 18:05:00,SGN,2024-10-04 19:15:00,VN,1387,6149000.00,PT1H10M
DLI,2024-10-04 19:50:00,SGN,2024-10-04 20:55:00,VN,8023,6149000.00,PT1H5M
VII,2024-10-04 11:10:00,VCA,2024-10-04 13:00:00,A1,2481,7202000.00,PT1H50M
HAN,2024-10-04 11:05:00,PQC,2024-10-04 13:20:00,VN,1239,7219000.00,PT2H15M
PQC,2024-10-04 14:40:00,SGN,2024-10-04 15:50:00,VN,1826,7219000.00,PT1H10M
BMV,2024-10-05 13:15:00,HPH,2024-10-05 14:55:00,A1,2670,7309000.00,PT1H40M
HPH,2024-10-05 16:50:00,SGN,2024-10-05 18:50:00,A1,2277,7309000.00,PT2H
HPH,2024-10-06 07:40:00,SGN,2024-10-06 09:40:00,A1,2271,7309000.00,PT2H
HPH,2024-10-05 07:40:00,SGN,2024-10-05 09:40:00,A1,2271,7629000.00,PT2H
HPH,2024-10-05 09:30:00,SGN,2024-10-05 11:30:00,A1,2289,7629000.00,PT2H
CXR,2024-10-05 17:00:00,HAN,2024-10-05 18:50:00,VJ,1778,4051000.00,PT1H50M
CXR,2024-10-05 08:00:00,HAN,2024-10-05 09:50:00,VJ,770,4051000.00,PT1H50M
SGN,2024-10-05 06:00:00,HAN,2024-10-05 08:10:00,VJ,120,4051000.00,PT2H10M
HAN,2024-10-05 10:15:00,DAD,2024-10-05 11:35:00,VJ,505,4051000.00,PT1H20M
SGN,2024-10-05 06:00:00,HAN,2024-10-05 08:10:00,H1,4255,5312000.00,PT2H10M
HPH,2024-10-05 10:50:00,DAD,2024-10-05 12:05:00,H1,4161,5312000.00,PT1H15M
HPH,2024-10-05 17:35:00,DAD,2024-10-05 18:50:00,H1,4387,5312000.00,PT1H15M
HPH,2024-10-05 10:50:00,DAD,2024-10-05 12:05:00,W2,4725,5534000.00,PT1H15M
SGN,2024-10-05 08:00:00,HAN,2024-10-05 10:15:00,VN,208,10027000.00,PT2H15M
SGN,2024-10-05 07:00:00,HAN,2024-10-05 09:10:00,VJ,122,4371000.00,PT2H10M
SGN,2024-10-05 08:40:00,HAN,2024-10-05 10:50:00,VJ,126,4371000.00,PT2H10M
SGN,2024-10-05 09:30:00,HAN,2024-10-05 11:40:00,VJ,128,4371000.00,PT2H10M
SGN,2024-10-05 10:10:00,HAN,2024-10-05 12:20:00,VJ,130,4371000.00,PT2H10M
SGN,2024-10-05 08:40:00,HAN,2024-10-05 10:50:00,H1,4103,5606000.00,PT2H10M
SGN,2024-10-05 07:00:00,HAN,2024-10-05 09:10:00,H1,4376,5606000.00,PT2H10M
SGN,2024-10-05 09:30:00,HAN,2024-10-05 11:40:00,H1,4420,5606000.00,PT2H10M
SGN,2024-10-05 10:10:00,HAN,2024-10-05 12:20:00,H1,4421,5606000.00,PT2H10M
SGN,2024-10-05 11:00:00,HAN,2024-10-05 13:10:00,H1,5167,5606000.00,PT2H10M
SGN,2024-10-05 07:00:00,HAN,2024-10-05 09:10:00,W2,4122,5828000.00,PT2H10M
SGN,2024-10-05 08:40:00,HAN,2024-10-05 10:50:00,W2,4126,5828000.00,PT2H10M
SGN,2024-10-05 09:30:00,HAN,2024-10-05 11:40:00,W2,4128,5828000.00,PT2H10M
SGN,2024-10-05 10:10:00,HAN,2024-10-05 12:20:00,W2,4130,5828000.00,PT2H10M
VCA,2024-10-05 08:35:00,HPH,2024-10-05 10:40:00,VJ,488,2954000.00,PT2H5M
SGN,2024-10-05 11:05:00,DAD,2024-10-05 12:25:00,VJ,628,3730000.00,PT1H20M
SGN,2024-10-05 13:40:00,CXR,2024-10-05 14:50:00,VJ,604,4051000.00,PT1H10M
DAD,2024-10-05 15:55:00,HPH,2024-10-05 17:10:00,H1,4389,5017000.00,PT1H15M
SGN,2024-10-05 11:00:00,HAN,2024-10-05 13:10:00,VJ,1132,4371000.00,PT2H10M
SGN,2024-10-05 11:45:00,HAN,2024-10-05 13:55:00,H1,4414,5606000.00,PT2H10M
SGN,2024-10-05 16:20:00,DLI,2024-10-05 17:20:00,VN,1386,4362000.00,PT1H
BMV,2024-10-04 06:45:00,SGN,2024-10-04 07:45:00,VJ,357,1217000.00,PT1H
BMV,2024-10-04 20:00:00,SGN,2024-10-04 20:55:00,VN,6201,1640000.00,PT55M
BMV,2024-10-04 06:45:00,SGN,2024-10-04 07:45:00,W2,4357,1729000.00,PT1H
BMV,2024-10-04 17:05:00,VII,2024-10-04 18:30:00,A1,2740,4948000.00,PT1H25M
HUI,2024-10-05 08:20:00,SGN,2024-10-05 09:45:00,W2,4301,5239000.00,PT1H25M
BMV,2024-10-04 10:00:00,HAN,2024-10-04 11:45:00,VN,1602,9285000.00,PT1H45M
DAD,2024-10-05 12:05:00,HAN,2024-10-05 13:25:00,VJ,512,3409000.00,PT1H20M
SGN,2024-10-04 10:15:00,PQC,2024-10-04 11:15:00,VJ,325,3730000.00,PT1H
SGN,2024-10-05 07:20:00,VDH,2024-10-05 09:00:00,VN,1404,4812000.00,PT1H40M
VDH,2024-10-05 10:50:00,HAN,2024-10-05 11:55:00,VN,1590,4812000.00,PT1H5M
DAD,2024-10-05 12:05:00,HAN,2024-10-05 13:25:00,W2,4512,4945000.00,PT1H20M
SGN,2024-10-04 10:15:00,PQC,2024-10-04 11:15:00,W2,4325,5239000.00,PT1H
DLI,2024-10-05 20:20:00,HAN,2024-10-05 22:10:00,A1,2408,7309000.00,PT1H50M
DLI,2024-10-05 20:55:00,HAN,2024-10-05 22:40:00,A1,2410,7309000.00,PT1H45M
VCA,2024-10-05 15:15:00,DAD,2024-10-05 16:45:00,VJ,702,4051000.00,PT1H30M
VCA,2024-10-05 15:15:00,DAD,2024-10-05 16:45:00,W2,4702,5534000.00,PT1H30M
SGN,2024-10-05 06:50:00,VCS,2024-10-05 07:50:00,VN,8059,6952000.00,PT1H
VCS,2024-10-05 12:50:00,VCA,2024-10-05 13:55:00,VN,8071,6952000.00,PT1H5M
SGN,2024-10-05 11:15:00,VCS,2024-10-05 12:15:00,VN,8057,7085000.00,PT1H
SGN,2024-10-05 11:25:00,VCS,2024-10-05 12:20:00,VN,8095,7085000.00,PT55M
SGN,2024-10-05 08:50:00,VCS,2024-10-05 10:05:00,VN,1857,7219000.00,PT1H15M
SGN,2024-10-05 08:05:00,VCS,2024-10-05 09:05:00,VN,1893,7219000.00,PT1H
SGN,2024-10-05 08:35:00,VCS,2024-10-05 09:35:00,VN,8003,7219000.00,PT1H
SGN,2024-10-05 10:00:00,VCS,2024-10-05 11:00:00,VN,8067,7219000.00,PT1H
SGN,2024-10-05 08:20:00,VCS,2024-10-05 09:20:00,VN,8077,7219000.00,PT1H
DLI,2024-10-04 13:10:00,VII,2024-10-04 14:45:00,VJ,712,2741000.00,PT1H35M
DLI,2024-10-04 12:35:00,HAN,2024-10-04 14:25:00,VJ,402,2954000.00,PT1H50M
HPH,2024-10-05 09:30:00,SGN,2024-10-05 11:30:00,VJ,289,2954000.00,PT2H
DLI,2024-10-04 13:10:00,VII,2024-10-04 14:45:00,W2,4712,3738000.00,PT1H35M
DLI,2024-10-04 20:55:00,HAN,2024-10-04 22:40:00,H1,4248,3777000.00,PT1H45M
DLI,2024-10-04 10:45:00,HAN,2024-10-04 12:35:00,QH,1422,3856000.00,PT1H50M
DLI,2024-10-04 12:35:00,HAN,2024-10-04 14:25:00,W2,4402,3925000.00,PT1H50M
HPH,2024-10-05 07:40:00,SGN,2024-10-05 09:40:00,W2,4271,3925000.00,PT2H
DLI,2024-10-04 09:30:00,HAN,2024-10-04 11:25:00,VN,1572,2709000.00,PT1H55M
HUI,2024-10-05 13:30:00,HAN,2024-10-05 14:45:00,VJ,566,3409000.00,PT1H15M
SGN,2024-10-05 07:45:00,HUI,2024-10-05 09:10:00,VJ,302,3409000.00,PT1H25M
SGN,2024-10-05 11:10:00,HUI,2024-10-05 12:35:00,VJ,304,3409000.00,PT1H25M
SGN,2024-10-05 06:50:00,UIH,2024-10-05 08:00:00,VJ,380,3516000.00,PT1H10M
UIH,2024-10-05 15:45:00,HAN,2024-10-05 17:20:00,VJ,432,3516000.00,PT1H35M
SGN,2024-10-05 10:40:00,UIH,2024-10-05 11:50:00,VJ,382,3516000.00,PT1H10M
BMV,2024-10-05 17:50:00,HAN,2024-10-05 19:35:00,VJ,494,3730000.00,PT1H45M
CXR,2024-10-05 11:50:00,HAN,2024-10-05 13:40:00,VJ,784,3730000.00,PT1H50M
PQC,2024-10-05 16:50:00,HAN,2024-10-05 18:55:00,VJ,458,3730000.00,PT2H5M
SGN,2024-10-05 10:15:00,PQC,2024-10-05 11:15:00,VJ,325,3730000.00,PT1H
SGN,2024-10-05 12:35:00,PQC,2024-10-05 13:35:00,VJ,327,3730000.00,PT1H
SGN,2024-10-05 13:20:00,PQC,2024-10-05 14:20:00,VJ,331,3730000.00,PT1H
DAD,2024-10-05 19:20:00,HAN,2024-10-05 20:40:00,VJ,524,3730000.00,PT1H20M
DAD,2024-10-05 20:40:00,HAN,2024-10-05 22:05:00,VJ,510,3730000.00,PT1H25M
DLI,2024-10-04 14:45:00,HAN,2024-10-04 16:40:00,VN,1574,3779000.00,PT1H55M
HUI,2024-10-05 12:55:00,HAN,2024-10-05 14:10:00,W2,4566,4945000.00,PT1H15M
SGN,2024-10-05 06:50:00,UIH,2024-10-05 08:00:00,W2,4380,5052000.00,PT1H10M
UIH,2024-10-05 15:45:00,HAN,2024-10-05 17:20:00,W2,4432,5052000.00,PT1H35M
SGN,2024-10-05 10:10:00,UIH,2024-10-05 11:20:00,W2,4382,5052000.00,PT1H10M
BMV,2024-10-05 17:50:00,HAN,2024-10-05 19:35:00,W2,4494,5239000.00,PT1H45M
CXR,2024-10-05 11:50:00,HAN,2024-10-05 13:40:00,W2,4784,5239000.00,PT1H50M
CXR,2024-10-05 17:00:00,HAN,2024-10-05 18:50:00,W2,3778,5239000.00,PT1H50M
PQC,2024-10-05 16:50:00,HAN,2024-10-05 18:55:00,W2,4458,5239000.00,PT2H5M
SGN,2024-10-05 10:15:00,PQC,2024-10-05 11:15:00,W2,4325,5239000.00,PT1H
SGN,2024-10-05 12:35:00,PQC,2024-10-05 13:35:00,W2,4327,5239000.00,PT1H
SGN,2024-10-05 13:20:00,PQC,2024-10-05 14:20:00,W2,4331,5239000.00,PT1H
DAD,2024-10-05 19:20:00,HAN,2024-10-05 20:40:00,W2,4524,5239000.00,PT1H20M
HPH,2024-10-05 17:35:00,DAD,2024-10-05 18:50:00,W2,4723,5239000.00,PT1H15M
DAD,2024-10-05 21:00:00,HAN,2024-10-05 22:15:00,W2,4530,5239000.00,PT1H15M
DAD,2024-10-05 20:40:00,HAN,2024-10-05 22:05:00,A1,2510,7202000.00,PT1H25M
DAD,2024-10-05 22:35:00,HAN,2024-10-05 23:55:00,A1,2532,7202000.00,PT1H20M
DLI,2024-10-04 13:10:00,VII,2024-10-04 14:45:00,A1,2712,7309000.00,PT1H35M
HPH,2024-10-05 17:35:00,DAD,2024-10-05 18:50:00,VJ,723,3730000.00,PT1H15M
DAD,2024-10-06 13:20:00,VCA,2024-10-06 14:50:00,VJ,703,3730000.00,PT1H30M
VII,2024-10-06 11:10:00,VCA,2024-10-06 13:00:00,VJ,481,4051000.00,PT1H50M
SGN,2024-10-05 15:25:00,VII,2024-10-05 17:15:00,VJ,216,4051000.00,PT1H50M
SGN,2024-10-05 19:50:00,VII,2024-10-05 21:40:00,VJ,218,4051000.00,PT1H50M
DAD,2024-10-06 13:20:00,VCA,2024-10-06 14:50:00,W2,4703,5239000.00,PT1H30M
VII,2024-10-06 11:10:00,VCA,2024-10-06 13:00:00,W2,4481,5534000.00,PT1H50M
SGN,2024-10-05 15:25:00,VII,2024-10-05 17:15:00,W2,4216,5534000.00,PT1H50M
SGN,2024-10-05 19:50:00,VII,2024-10-05 21:40:00,W2,4218,5534000.00,PT1H50M
SGN,2024-10-05 17:20:00,BMV,2024-10-05 18:20:00,VJ,358,2313000.00,PT1H
SGN,2024-10-05 17:20:00,BMV,2024-10-05 18:20:00,W2,4358,3337000.00,PT1H
